contract_id,pm_category,resolution_rule,start_date,event_ticker,title,category,status,end_date,volume,open_interest,last_price
KXNFLGAME-25SEP28GBDAL-DAL,Sports,"If Dallas wins the Green Bay at Dallas professional football game originally scheduled for Sep 28, 2025, then the market resolves to Yes.",2025-09-17 18:58:00+00:00,KXNFLGAME-25SEP28GBDAL,Green Bay at Dallas Winner?,,finalized,2025-10-13 00:20:00+00:00,36933533,7952650,49
KXNFLGAME-25OCT02SFLA-SF,Sports,"If San Francisco wins the San Francisco at Los Angeles R professional football game originally scheduled for Oct 2, 2025, then the market resolves to Yes.",2025-09-27 03:18:00+00:00,KXNFLGAME-25OCT02SFLA,San Francisco at Los Angeles R Winner?,,finalized,2025-10-17 00:15:00+00:00,32893708,9810232,99
KXNFLGAME-25OCT02SFLA-LA,Sports,"If Los Angeles R wins the San Francisco at Los Angeles R professional football game originally scheduled for Oct 2, 2025, then the market resolves to Yes.",2025-09-27 03:18:00+00:00,KXNFLGAME-25OCT02SFLA,San Francisco at Los Angeles R Winner?,,finalized,2025-10-17 00:15:00+00:00,31935100,11158441,1
KXNFLGAME-25SEP28GBDAL-GB,Sports,"If Green Bay wins the Green Bay at Dallas professional football game originally scheduled for Sep 28, 2025, then the market resolves to Yes.",2025-09-17 18:58:00+00:00,KXNFLGAME-25SEP28GBDAL,Green Bay at Dallas Winner?,,finalized,2025-10-13 00:20:00+00:00,31498533,9186914,49
KXNFLGAME-25OCT20TBDET-TB,Sports,"If Tampa Bay wins the Tampa Bay at Detroit professional football game originally scheduled for Oct 20, 2025, then the market resolves to Yes.",2025-10-08 18:59:00+00:00,KXNFLGAME-25OCT20TBDET,Tampa Bay at Detroit Winner?,,finalized,2025-11-03 23:00:00+00:00,30937684,17474135,1
KXNFLGAME-25OCT06KCJAC-KC,Sports,"If Kansas City wins the Kansas City at Jacksonville professional football game originally scheduled for Oct 6, 2025, then the market resolves to Yes.",2025-09-27 03:18:00+00:00,KXNFLGAME-25OCT06KCJAC,Kansas City at Jacksonville Winner?,,finalized,2025-10-21 00:15:00+00:00,29934749,12923730,1
KXNFLGAME-25OCT06KCJAC-JAC,Sports,"If Jacksonville wins the Kansas City at Jacksonville professional football game originally scheduled for Oct 6, 2025, then the market resolves to Yes.",2025-09-27 03:18:00+00:00,KXNFLGAME-25OCT06KCJAC,Kansas City at Jacksonville Winner?,,finalized,2025-10-21 00:15:00+00:00,29088340,9108553,99
KXNFLGAME-25OCT05NEBUF-BUF,Sports,"If Buffalo wins the New England at Buffalo professional football game originally scheduled for Oct 5, 2025, then the market resolves to Yes.",2025-09-27 03:18:00+00:00,KXNFLGAME-25OCT05NEBUF,New England at Buffalo Winner?,,finalized,2025-10-20 00:20:00+00:00,27573236,12035249,1
KXNFLGAME-25NOV03ARIDAL-DAL,Sports,"If Dallas wins the Arizona at Dallas professional football game originally scheduled for Nov 3, 2025, then the market resolves to Yes.",2025-10-20 17:45:00+00:00,KXNFLGAME-25NOV03ARIDAL,Arizona at Dallas Winner?,,finalized,2025-11-18 01:15:00+00:00,27487556,14422589,1
KXNFLGAME-25OCT13BUFATL-BUF,Sports,"If Buffalo wins the Buffalo at Atlanta professional football game originally scheduled for Oct 13, 2025, then the market resolves to Yes.",2025-10-03 04:34:00+00:00,KXNFLGAME-25OCT13BUFATL,Buffalo at Atlanta Winner?,,finalized,2025-10-27 23:15:00+00:00,26504071,13077668,1
KXNFLGAME-25OCT09PHINYG-PHI,Sports,"If Philadelphia wins the Philadelphia at New York G professional football game originally scheduled for Oct 9, 2025, then the market resolves to Yes.",2025-10-03 04:34:00+00:00,KXNFLGAME-25OCT09PHINYG,Philadelphia at New York G Winner?,,finalized,2025-10-24 00:15:00+00:00,26087486,14795013,1
KXNFLGAME-25NOV10PHIGB-PHI,Sports,"If Philadelphia wins the Philadelphia at Green Bay professional football game originally scheduled for Nov 10, 2025, then the market resolves to Yes.",2025-10-31 14:48:00+00:00,KXNFLGAME-25NOV10PHIGB,Philadelphia at Green Bay Winner?,,finalized,2025-11-25 01:15:00+00:00,24374392,12874173,99
KXNFLGAME-25OCT05NEBUF-NE,Sports,"If New England wins the New England at Buffalo professional football game originally scheduled for Oct 5, 2025, then the market resolves to Yes.",2025-09-27 03:18:00+00:00,KXNFLGAME-25OCT05NEBUF,New England at Buffalo Winner?,,finalized,2025-10-20 00:20:00+00:00,24199998,9299569,99
KXNFLGAME-25OCT12DETKC-DET,Sports,"If Detroit wins the Detroit at Kansas City professional football game originally scheduled for Oct 12, 2025, then the market resolves to Yes.",2025-10-03 04:34:00+00:00,KXNFLGAME-25OCT12DETKC,Detroit at Kansas City Winner?,,finalized,2025-10-27 00:20:00+00:00,22923219,13242872,1
KXNFLGAME-25OCT16PITCIN-CIN,Sports,"If Cincinnati wins the Pittsburgh at Cincinnati professional football game originally scheduled for Oct 16, 2025, then the market resolves to Yes.",2025-10-08 18:59:00+00:00,KXNFLGAME-25OCT16PITCIN,Pittsburgh at Cincinnati Winner?,,finalized,2025-10-31 00:15:00+00:00,21096185,7396332,99
KXNFLGAME-25OCT16PITCIN-PIT,Sports,"If Pittsburgh wins the Pittsburgh at Cincinnati professional football game originally scheduled for Oct 16, 2025, then the market resolves to Yes.",2025-10-08 18:59:00+00:00,KXNFLGAME-25OCT16PITCIN,Pittsburgh at Cincinnati Winner?,,finalized,2025-10-31 00:15:00+00:00,20893992,7847995,1
KXNFLGAME-25OCT09PHINYG-NYG,Sports,"If New York G wins the Philadelphia at New York G professional football game originally scheduled for Oct 9, 2025, then the market resolves to Yes.",2025-10-03 04:34:00+00:00,KXNFLGAME-25OCT09PHINYG,Philadelphia at New York G Winner?,,finalized,2025-10-24 00:15:00+00:00,19882009,8153452,99
KXNFLGAME-25OCT19NYGDEN-NYG,Sports,"If New York G wins the New York G at Denver professional football game originally scheduled for Oct 19, 2025, then the market resolves to Yes.",2025-10-08 18:59:00+00:00,KXNFLGAME-25OCT19NYGDEN,New York G at Denver Winner?,,finalized,2025-11-02 20:05:00+00:00,19817436,7207984,1
KXNFLGAME-25SEP28LACNYG-LAC,Sports,"If Los Angeles C wins the Los Angeles C at New York G professional football game originally scheduled for Sep 28, 2025, then the market resolves to Yes.",2025-09-17 18:58:00+00:00,KXNFLGAME-25SEP28LACNYG,Los Angeles C at New York G Winner?,,finalized,2025-10-12 17:00:00+00:00,19753028,8238694,1
KXNFLGAME-25OCT26GBPIT-GB,Sports,"If Green Bay wins the Green Bay at Pittsburgh professional football game originally scheduled for Oct 26, 2025, then the market resolves to Yes.",2025-10-14 19:06:00+00:00,KXNFLGAME-25OCT26GBPIT,Green Bay at Pittsburgh Winner?,,finalized,2025-11-10 00:20:00+00:00,19299314,9967730,99
KXNFLGAME-25NOV02KCBUF-KC,Sports,"If Kansas City wins the Kansas City at Buffalo professional football game originally scheduled for Nov 2, 2025, then the market resolves to Yes.",2025-10-20 17:45:00+00:00,KXNFLGAME-25NOV02KCBUF,Kansas City at Buffalo Winner?,,finalized,2025-11-16 21:25:00+00:00,18672082,9357438,1
KXNFLGAME-25NOV09PITLAC-PIT,Sports,"If Pittsburgh wins the Pittsburgh at Los Angeles C professional football game originally scheduled for Nov 9, 2025, then the market resolves to Yes.",2025-10-31 14:48:00+00:00,KXNFLGAME-25NOV09PITLAC,Pittsburgh at Los Angeles C Winner?,,finalized,2025-11-24 01:20:00+00:00,17521663,11736231,1
KXNFLGAME-25OCT13CHIWAS-CHI,Sports,"If Chicago wins the Chicago at Washington professional football game originally scheduled for Oct 13, 2025, then the market resolves to Yes.",2025-10-03 04:34:00+00:00,KXNFLGAME-25OCT13CHIWAS,Chicago at Washington Winner?,,finalized,2025-10-28 00:15:00+00:00,17078981,6721160,99
KXNFLGAME-25NOV10PHIGB-GB,Sports,"If Green Bay wins the Philadelphia at Green Bay professional football game originally scheduled for Nov 10, 2025, then the market resolves to Yes.",2025-10-31 14:48:00+00:00,KXNFLGAME-25NOV10PHIGB,Philadelphia at Green Bay Winner?,,finalized,2025-11-25 01:15:00+00:00,16934563,6549956,1
KXNFLGAME-25OCT26GBPIT-PIT,Sports,"If Pittsburgh wins the Green Bay at Pittsburgh professional football game originally scheduled for Oct 26, 2025, then the market resolves to Yes.",2025-10-14 19:06:00+00:00,KXNFLGAME-25OCT26GBPIT,Green Bay at Pittsburgh Winner?,,finalized,2025-11-10 00:20:00+00:00,16876652,8115457,1
KXNFLGAME-25OCT05TBSEA-TB,Sports,"If Tampa Bay wins the Tampa Bay at Seattle professional football game originally scheduled for Oct 5, 2025, then the market resolves to Yes.",2025-09-27 03:18:00+00:00,KXNFLGAME-25OCT05TBSEA,Tampa Bay at Seattle Winner?,,finalized,2025-10-19 20:05:00+00:00,16820433,7882336,99
KXNFLGAME-25OCT12CINGB-CIN,Sports,"If Cincinnati wins the Cincinnati at Green Bay professional football game originally scheduled for Oct 12, 2025, then the market resolves to Yes.",2025-10-03 04:34:00+00:00,KXNFLGAME-25OCT12CINGB,Cincinnati at Green Bay Winner?,,finalized,2025-10-26 20:25:00+00:00,16480474,8653994,1
KXNFLGAME-25OCT19ATLSF-SF,Sports,"If San Francisco wins the Atlanta at San Francisco professional football game originally scheduled for Oct 19, 2025, then the market resolves to Yes.",2025-10-08 18:59:00+00:00,KXNFLGAME-25OCT19ATLSF,Atlanta at San Francisco Winner?,,finalized,2025-11-03 00:20:00+00:00,16156801,8099982,99
KXNFLGAME-25SEP29NYJMIA-NYJ,Sports,"If New York J wins the New York J at Miami professional football game originally scheduled for Sep 29, 2025, then the market resolves to Yes.",2025-09-17 18:58:00+00:00,KXNFLGAME-25SEP29NYJMIA,New York J at Miami Winner?,,finalized,2025-10-13 23:15:00+00:00,16046601,8944279,1
KXNFLGAME-25OCT19ATLSF-ATL,Sports,"If Atlanta wins the Atlanta at San Francisco professional football game originally scheduled for Oct 19, 2025, then the market resolves to Yes.",2025-10-08 18:59:00+00:00,KXNFLGAME-25OCT19ATLSF,Atlanta at San Francisco Winner?,,finalized,2025-11-03 00:20:00+00:00,15943454,7811272,1
KXMLBGAME-25OCT27TORLAD-LAD,Sports,"If Los Angeles D wins the Toronto vs Los Angeles D (Game 3) professional baseball game originally scheduled for Oct 27, 2025, then the market resolves to Yes.",2025-10-21 05:13:00+00:00,KXMLBGAME-25OCT27TORLAD,Toronto vs Los Angeles D (Game 3) Winner?,,finalized,2025-11-11 00:00:00+00:00,15399655,7101727,99
KXMLBGAME-25OCT27TORLAD-TOR,Sports,"If Toronto wins the Toronto vs Los Angeles D (Game 3) professional baseball game originally scheduled for Oct 27, 2025, then the market resolves to Yes.",2025-10-21 05:13:00+00:00,KXMLBGAME-25OCT27TORLAD,Toronto vs Los Angeles D (Game 3) Winner?,,finalized,2025-11-11 00:00:00+00:00,12702943,4842438,1
KXMLBGAME-25OCT07TORNYY-TOR,Sports,"If Toronto wins the Toronto vs New York Y (Game 3) professional baseball game originally scheduled for Oct 7, 2025, then the market resolves to Yes.",2025-10-03 03:11:00+00:00,KXMLBGAME-25OCT07TORNYY,Toronto vs New York Y (Game 3) Winner?,,finalized,2025-10-21 08:00:00+00:00,11225689,6119831,1
KXMLBGAME-25OCT24LADTOR-LAD,Sports,"If Los Angeles D wins the Los Angeles D vs Toronto (Game 1) professional baseball game originally scheduled for Oct 24, 2025, then the market resolves to Yes.",2025-10-21 05:13:00+00:00,KXMLBGAME-25OCT24LADTOR,Los Angeles D vs Toronto (Game 1) Winner?,,finalized,2025-11-08 00:00:00+00:00,11049877,8848995,1
KXMLBGAME-25OCT31LADTOR-LAD,Sports,"If Los Angeles D wins the Los Angeles D vs Toronto (Game 6) professional baseball game originally scheduled for Oct 31, 2025, then the market resolves to Yes.",2025-10-29 03:44:00+00:00,KXMLBGAME-25OCT31LADTOR,Los Angeles D vs Toronto (Game 6) Winner?,,finalized,2025-11-15 00:00:00+00:00,9908907,6732849,99
KXMLBGAME-25OCT01CINLAD-LAD,Sports,"If Los Angeles D wins the Cincinnati vs Los Angeles D (Game 2) professional baseball game originally scheduled for Oct 1, 2025, then the market resolves to Yes.",2025-09-29 19:58:00+00:00,KXMLBGAME-25OCT01CINLAD,Cincinnati vs Los Angeles D (Game 2) Winner?,,finalized,2025-10-16 01:08:00+00:00,9852329,5838740,99
KXMLBGAME-25OCT28TORLAD-LAD,Sports,"If Los Angeles D wins the Toronto vs Los Angeles D (Game 4) professional baseball game originally scheduled for Oct 28, 2025, then the market resolves to Yes.",2025-10-21 05:13:00+00:00,KXMLBGAME-25OCT28TORLAD,Toronto vs Los Angeles D (Game 4) Winner?,,finalized,2025-11-12 00:00:00+00:00,9001270,5663453,1
KXMLBGAME-25OCT07TORNYY-NYY,Sports,"If New York Y wins the Toronto vs New York Y (Game 3) professional baseball game originally scheduled for Oct 7, 2025, then the market resolves to Yes.",2025-10-03 03:11:00+00:00,KXMLBGAME-25OCT07TORNYY,Toronto vs New York Y (Game 3) Winner?,,finalized,2025-10-21 08:00:00+00:00,8840216,4917443,99
KXMLBGAME-25OCT31LADTOR-TOR,Sports,"If Toronto wins the Los Angeles D vs Toronto (Game 6) professional baseball game originally scheduled for Oct 31, 2025, then the market resolves to Yes.",2025-10-29 03:44:00+00:00,KXMLBGAME-25OCT31LADTOR,Los Angeles D vs Toronto (Game 6) Winner?,,finalized,2025-11-15 00:00:00+00:00,8625277,5099916,1
KXMLBGAME-25OCT08MILCHC-MIL,Sports,"If Milwaukee wins the Milwaukee vs Chicago C (Game 3) professional baseball game originally scheduled for Oct 8, 2025, then the market resolves to Yes.",2025-10-03 03:11:00+00:00,KXMLBGAME-25OCT08MILCHC,Milwaukee vs Chicago C (Game 3) Winner?,,finalized,2025-10-22 08:00:00+00:00,8589941,5318555,1
KXMLBGAME-25OCT29TORLAD-LAD,Sports,"If Los Angeles D wins the Toronto vs Los Angeles D (Game 5) professional baseball game originally scheduled for Oct 29, 2025, then the market resolves to Yes.",2025-10-26 16:40:00+00:00,KXMLBGAME-25OCT29TORLAD,Toronto vs Los Angeles D (Game 5) Winner?,,finalized,2025-11-13 00:00:00+00:00,7678203,5509367,1
KXMLBGAME-25OCT15TORSEA-SEA,Sports,"If Seattle wins the Toronto vs Seattle (Game 3) professional baseball game originally scheduled for Oct 15, 2025, then the market resolves to Yes.",2025-10-11 19:10:00+00:00,KXMLBGAME-25OCT15TORSEA,Toronto vs Seattle (Game 3) Winner?,,finalized,2025-10-29 08:00:00+00:00,7636780,4928867,1
KXMLBGAME-25OCT15TORSEA-TOR,Sports,"If Toronto wins the Toronto vs Seattle (Game 3) professional baseball game originally scheduled for Oct 15, 2025, then the market resolves to Yes.",2025-10-11 19:10:00+00:00,KXMLBGAME-25OCT15TORSEA,Toronto vs Seattle (Game 3) Winner?,,finalized,2025-10-29 08:00:00+00:00,7259332,4040498,99
KXMLBGAME-25OCT01BOSNYY-BOS,Sports,"If Boston wins the Boston vs New York Y (Game 2) professional baseball game originally scheduled for Oct 1, 2025, then the market resolves to Yes.",2025-09-29 19:58:00+00:00,KXMLBGAME-25OCT01BOSNYY,Boston vs New York Y (Game 2) Winner?,,finalized,2025-10-15 22:08:00+00:00,7194811,3897523,1
KXMLBGAME-25OCT29TORLAD-TOR,Sports,"If Toronto wins the Toronto vs Los Angeles D (Game 5) professional baseball game originally scheduled for Oct 29, 2025, then the market resolves to Yes.",2025-10-26 16:40:00+00:00,KXMLBGAME-25OCT29TORLAD,Toronto vs Los Angeles D (Game 5) Winner?,,finalized,2025-11-13 00:00:00+00:00,7098191,4320025,99
KXMLBGAME-25OCT08PHILAD-LAD,Sports,"If Los Angeles D wins the Philadelphia vs Los Angeles D (Game 3) professional baseball game originally scheduled for Oct 8, 2025, then the market resolves to Yes.",2025-10-03 03:11:00+00:00,KXMLBGAME-25OCT08PHILAD,Philadelphia vs Los Angeles D (Game 3) Winner?,,finalized,2025-10-22 08:00:00+00:00,7087853,5286320,1
KXMLBGAME-25OCT08TORNYY-TOR,Sports,"If Toronto wins the Toronto vs New York Y (Game 4) professional baseball game originally scheduled for Oct 8, 2025, then the market resolves to Yes.",2025-10-08 05:50:00+00:00,KXMLBGAME-25OCT08TORNYY,Toronto vs New York Y (Game 4) Winner?,,finalized,2025-10-22 23:08:00+00:00,7066054,4277985,99
KXMLBGAME-25OCT09PHILAD-LAD,Sports,"If Los Angeles D wins the Philadelphia vs Los Angeles D (Game 4) professional baseball game originally scheduled for Oct 9, 2025, then the market resolves to Yes.",2025-10-09 13:55:00+00:00,KXMLBGAME-25OCT09PHILAD,Philadelphia vs Los Angeles D (Game 4) Winner?,,finalized,2025-10-23 22:08:00+00:00,6953728,3888879,99
KXMLBGAME-25OCT08TORNYY-NYY,Sports,"If New York Y wins the Toronto vs New York Y (Game 4) professional baseball game originally scheduled for Oct 8, 2025, then the market resolves to Yes.",2025-10-08 05:50:00+00:00,KXMLBGAME-25OCT08TORNYY,Toronto vs New York Y (Game 4) Winner?,,finalized,2025-10-22 23:08:00+00:00,6807625,4308066,1
KXMLBGAME-25OCT28TORLAD-TOR,Sports,"If Toronto wins the Toronto vs Los Angeles D (Game 4) professional baseball game originally scheduled for Oct 28, 2025, then the market resolves to Yes.",2025-10-21 05:13:00+00:00,KXMLBGAME-25OCT28TORLAD,Toronto vs Los Angeles D (Game 4) Winner?,,finalized,2025-11-12 00:00:00+00:00,6767584,3855236,99
KXMLBGAME-25OCT01BOSNYY-NYY,Sports,"If New York Y wins the Boston vs New York Y (Game 2) professional baseball game originally scheduled for Oct 1, 2025, then the market resolves to Yes.",2025-09-29 19:58:00+00:00,KXMLBGAME-25OCT01BOSNYY,Boston vs New York Y (Game 2) Winner?,,finalized,2025-10-15 22:08:00+00:00,6639145,4145713,99
KXMLBGAME-25SEP30BOSNYY-NYY,Sports,"If New York Y wins the Boston vs New York Y (Game 1) professional baseball game originally scheduled for Sep 30, 2025, then the market resolves to Yes.",2025-09-29 05:52:00+00:00,KXMLBGAME-25SEP30BOSNYY,Boston vs New York Y (Game 1) Winner?,,finalized,2025-10-14 22:08:00+00:00,6408441,3545597,1
KXMLBGAME-25OCT06LADPHI-LAD,Sports,"If Los Angeles D wins the Los Angeles D vs Philadelphia (Game 2) professional baseball game originally scheduled for Oct 6, 2025, then the market resolves to Yes.",2025-10-02 15:05:00+00:00,KXMLBGAME-25OCT06LADPHI,Los Angeles D vs Philadelphia (Game 2) Winner?,,finalized,2025-10-20 08:00:00+00:00,6326960,3365007,99
KXMLBGAME-25OCT25LADTOR-LAD,Sports,"If Los Angeles D wins the Los Angeles D vs Toronto (Game 2) professional baseball game originally scheduled for Oct 25, 2025, then the market resolves to Yes.",2025-10-21 05:13:00+00:00,KXMLBGAME-25OCT25LADTOR,Los Angeles D vs Toronto (Game 2) Winner?,,finalized,2025-11-09 00:00:00+00:00,6293834,4633094,99
KXMLBGAME-25OCT09MILCHC-MIL,Sports,"If Milwaukee wins the Milwaukee vs Chicago C (Game 4) professional baseball game originally scheduled for Oct 9, 2025, then the market resolves to Yes.",2025-10-09 00:42:00+00:00,KXMLBGAME-25OCT09MILCHC,Milwaukee vs Chicago C (Game 4) Winner?,,finalized,2025-10-24 01:08:00+00:00,6291781,4423370,1
KXMLBGAME-25OCT07SEADET-DET,Sports,"If Detroit wins the Seattle vs Detroit (Game 3) professional baseball game originally scheduled for Oct 7, 2025, then the market resolves to Yes.",2025-10-03 03:11:00+00:00,KXMLBGAME-25OCT07SEADET,Seattle vs Detroit (Game 3) Winner?,,finalized,2025-10-21 08:00:00+00:00,6287436,4022130,1
KXMLBGAME-25OCT08SEADET-SEA,Sports,"If Seattle wins the Seattle vs Detroit (Game 4) professional baseball game originally scheduled for Oct 8, 2025, then the market resolves to Yes.",2025-10-07 20:03:00+00:00,KXMLBGAME-25OCT08SEADET,Seattle vs Detroit (Game 4) Winner?,,finalized,2025-10-22 19:08:00+00:00,6257273,3807250,1
KXMLBGAME-25OCT08PHILAD-PHI,Sports,"If Philadelphia wins the Philadelphia vs Los Angeles D (Game 3) professional baseball game originally scheduled for Oct 8, 2025, then the market resolves to Yes.",2025-10-03 03:11:00+00:00,KXMLBGAME-25OCT08PHILAD,Philadelphia vs Los Angeles D (Game 3) Winner?,,finalized,2025-10-22 08:00:00+00:00,6240427,3381041,99
KXMLBGAME-25OCT14LADMIL-LAD,Sports,"If Los Angeles D wins the Los Angeles D vs Milwaukee (Game 2) professional baseball game originally scheduled for Oct 14, 2025, then the market resolves to Yes.",2025-10-12 13:53:00+00:00,KXMLBGAME-25OCT14LADMIL,Los Angeles D vs Milwaukee (Game 2) Winner?,,finalized,2025-10-29 00:08:00+00:00,6156129,4325794,99
KXMLBGAME-25OCT04LADPHI-LAD,Sports,"If Los Angeles D wins the Los Angeles D vs Philadelphia (Game 1) professional baseball game originally scheduled for Oct 4, 2025, then the market resolves to Yes.",2025-10-02 15:05:00+00:00,KXMLBGAME-25OCT04LADPHI,Los Angeles D vs Philadelphia (Game 1) Winner?,,finalized,2025-10-18 08:00:00+00:00,6141494,2914082,99
KXNBAGAME-25NOV05SASLAL-LAL,Sports,"If Los Angeles L wins the San Antonio vs Los Angeles L professional basketball game originally scheduled for Nov 5, 2025, then the market resolves to Yes.",2025-11-03 22:07:00+00:00,KXNBAGAME-25NOV05SASLAL,San Antonio vs Los Angeles L Winner?,,finalized,2025-11-20 03:00:00+00:00,9464298,4016361,99
KXNBAGAME-25OCT28LACGSW-GSW,Sports,"If Golden State wins the Los Angeles C vs Golden State professional basketball game originally scheduled for Oct 28, 2025, then the market resolves to Yes.",2025-10-26 20:08:00+00:00,KXNBAGAME-25OCT28LACGSW,Los Angeles C vs Golden State Winner?,,finalized,2025-11-12 03:00:00+00:00,8293173,4916340,99
KXNBAGAME-25OCT31BOSPHI-PHI,Sports,"If Philadelphia wins the Boston vs Philadelphia professional basketball game originally scheduled for Oct 31, 2025, then the market resolves to Yes.",2025-10-29 17:06:00+00:00,KXNBAGAME-25OCT31BOSPHI,Boston vs Philadelphia Winner?,,finalized,2025-11-14 23:00:00+00:00,7811196,3261927,1
KXNBAGAME-25NOV03LALPOR-LAL,Sports,"If Los Angeles wins the Los Angeles vs Portland professional basketball game originally scheduled for Nov 3, 2025, then the market resolves to Yes.",2025-11-01 20:07:00+00:00,KXNBAGAME-25NOV03LALPOR,Los Angeles vs Portland Winner?,,finalized,2025-11-18 03:00:00+00:00,6886565,3627421,99
KXNBAGAME-25NOV05OKCPOR-OKC,Sports,"If Oklahoma City wins the Oklahoma City vs Portland professional basketball game originally scheduled for Nov 5, 2025, then the market resolves to Yes.",2025-11-03 22:07:00+00:00,KXNBAGAME-25NOV05OKCPOR,Oklahoma City vs Portland Winner?,,finalized,2025-11-20 03:00:00+00:00,6826935,3115331,1
KXNBAGAME-25NOV05SASLAL-SAS,Sports,"If San Antonio wins the San Antonio vs Los Angeles professional basketball game originally scheduled for Nov 5, 2025, then the market resolves to Yes.",2025-11-03 22:07:00+00:00,KXNBAGAME-25NOV05SASLAL,San Antonio vs Los Angeles Winner?,,finalized,2025-11-20 03:00:00+00:00,6683269,2918409,1
KXNBAGAME-25NOV10ATLLAC-ATL,Sports,"If Atlanta wins the Atlanta vs Los Angeles C professional basketball game originally scheduled for Nov 10, 2025, then the market resolves to Yes.",2025-11-08 19:05:00+00:00,KXNBAGAME-25NOV10ATLLAC,Atlanta vs Los Angeles C Winner?,,finalized,2025-11-25 03:30:00+00:00,6593772,3188063,99
KXNBAGAME-25OCT29LALMIN-LAL,Sports,"If Los Angeles L wins the Los Angeles L vs Minnesota professional basketball game originally scheduled for Oct 29, 2025, then the market resolves to Yes.",2025-10-27 20:07:00+00:00,KXNBAGAME-25OCT29LALMIN,Los Angeles L vs Minnesota Winner?,,finalized,2025-11-13 01:30:00+00:00,6026906,2614145,99
KXNBAGAME-25OCT31LALMEM-LAL,Sports,"If Los Angeles L wins the Los Angeles L vs Memphis professional basketball game originally scheduled for Oct 31, 2025, then the market resolves to Yes.",2025-10-29 19:12:00+00:00,KXNBAGAME-25OCT31LALMEM,Los Angeles L vs Memphis Winner?,,finalized,2025-11-15 01:30:00+00:00,6023112,3225816,99
KXNBAGAME-25NOV10ATLLAC-LAC,Sports,"If Los Angeles C wins the Atlanta vs Los Angeles C professional basketball game originally scheduled for Nov 10, 2025, then the market resolves to Yes.",2025-11-08 19:05:00+00:00,KXNBAGAME-25NOV10ATLLAC,Atlanta vs Los Angeles C Winner?,,finalized,2025-11-25 03:30:00+00:00,5948450,2884654,1
KXNBAGAME-25NOV03MIALAC-MIA,Sports,"If Miami wins the Miami vs LA professional basketball game originally scheduled for Nov 3, 2025, then the market resolves to Yes.",2025-11-01 20:07:00+00:00,KXNBAGAME-25NOV03MIALAC,Miami vs LA Winner?,,finalized,2025-11-18 03:30:00+00:00,5826698,2347535,99
KXNBAGAME-25NOV04OKCLAC-LAC,Sports,"If Los Angeles C wins the Oklahoma City vs LA professional basketball game originally scheduled for Nov 4, 2025, then the market resolves to Yes.",2025-11-02 22:08:00+00:00,KXNBAGAME-25NOV04OKCLAC,Oklahoma City vs Los Angeles C Winner?,,finalized,2025-11-19 04:00:00+00:00,5816486,3603844,1
KXNBAGAME-25NOV04OKCLAC-OKC,Sports,"If Oklahoma City wins the Oklahoma City vs LA professional basketball game originally scheduled for Nov 4, 2025, then the market resolves to Yes.",2025-11-02 22:08:00+00:00,KXNBAGAME-25NOV04OKCLAC,Oklahoma City vs LA Winner?,,finalized,2025-11-19 04:00:00+00:00,5669155,3537001,99
KXNBAGAME-25OCT30GSWMIL-GSW,Sports,"If Golden State wins the Golden State vs Milwaukee professional basketball game originally scheduled for Oct 30, 2025, then the market resolves to Yes.",2025-10-28 17:06:00+00:00,KXNBAGAME-25OCT30GSWMIL,Golden State vs Milwaukee Winner?,,finalized,2025-11-14 00:00:00+00:00,5211264,3166013,1
KXNBAGAME-25NOV08PHXLAC-PHX,Sports,"If Phoenix wins the Phoenix vs Los Angeles C professional basketball game originally scheduled for Nov 8, 2025, then the market resolves to Yes.",2025-11-06 19:06:00+00:00,KXNBAGAME-25NOV08PHXLAC,Phoenix vs Los Angeles C Winner?,,finalized,2025-11-23 03:30:00+00:00,5059644,3098763,99
KXNBAGAME-25NOV02MIALAL-LAL,Sports,"If Los Angeles wins the Miami vs Los Angeles professional basketball game originally scheduled for Nov 2, 2025, then the market resolves to Yes.",2025-10-31 20:06:00+00:00,KXNBAGAME-25NOV02MIALAL,Miami vs Los Angeles Winner?,,finalized,2025-11-17 02:30:00+00:00,5049529,3496148,99
KXNBAGAME-25OCT28LACGSW-LAC,Sports,"If Los Angeles C wins the Los Angeles C vs Golden State professional basketball game originally scheduled for Oct 28, 2025, then the market resolves to Yes.",2025-10-26 20:08:00+00:00,KXNBAGAME-25OCT28LACGSW,Los Angeles C vs Golden State Winner?,,finalized,2025-11-12 03:00:00+00:00,4887287,2771177,1
KXNBAGAME-25OCT29MEMPHX-MEM,Sports,"If Memphis wins the Memphis vs Phoenix professional basketball game originally scheduled for Oct 29, 2025, then the market resolves to Yes.",2025-10-27 20:07:00+00:00,KXNBAGAME-25OCT29MEMPHX,Memphis vs Phoenix Winner?,,finalized,2025-11-13 02:00:00+00:00,4836615,2838508,99
KXNBAGAME-25NOV04MILTOR-MIL,Sports,"If Milwaukee wins the Milwaukee vs Toronto professional basketball game originally scheduled for Nov 4, 2025, then the market resolves to Yes.",2025-11-02 19:07:00+00:00,KXNBAGAME-25NOV04MILTOR,Milwaukee vs Toronto Winner?,,finalized,2025-11-19 00:30:00+00:00,4774695,3490402,1
KXNBAGAME-25OCT29CLEBOS-CLE,Sports,"If Cleveland wins the Cleveland vs Boston professional basketball game originally scheduled for Oct 29, 2025, then the market resolves to Yes.",2025-10-27 17:07:00+00:00,KXNBAGAME-25OCT29CLEBOS,Cleveland vs Boston Winner?,,finalized,2025-11-12 23:00:00+00:00,4767966,2477689,1
KXNBAGAME-25NOV05PHICLE-PHI,Sports,"If Philadelphia wins the Philadelphia vs Cleveland professional basketball game originally scheduled for Nov 5, 2025, then the market resolves to Yes.",2025-11-03 19:06:00+00:00,KXNBAGAME-25NOV05PHICLE,Philadelphia vs Cleveland Winner?,,finalized,2025-11-20 00:00:00+00:00,4605304,3450570,1
KXNBAGAME-25OCT29LALMIN-MIN,Sports,"If Minnesota wins the Los Angeles L vs Minnesota professional basketball game originally scheduled for Oct 29, 2025, then the market resolves to Yes.",2025-10-27 20:07:00+00:00,KXNBAGAME-25OCT29LALMIN,Los Angeles L vs Minnesota Winner?,,finalized,2025-11-13 01:30:00+00:00,4600596,2037587,1
KXNBAGAME-25NOV05GSWSAC-GSW,Sports,"If Golden State wins the Golden State vs Sacramento professional basketball game originally scheduled for Nov 5, 2025, then the market resolves to Yes.",2025-11-03 22:07:00+00:00,KXNBAGAME-25NOV05GSWSAC,Golden State vs Sacramento Winner?,,finalized,2025-11-20 03:00:00+00:00,4581563,2393784,1
KXNBAGAME-25NOV02SASPHX-SAS,Sports,"If San Antonio wins the San Antonio vs Phoenix professional basketball game originally scheduled for Nov 2, 2025, then the market resolves to Yes.",2025-10-31 17:06:00+00:00,KXNBAGAME-25NOV02SASPHX,San Antonio vs Phoenix Winner?,,finalized,2025-11-17 01:00:00+00:00,4494937,3078835,1
KXNBAGAME-25OCT31DENPOR-DEN,Sports,"If Denver wins the Denver vs Portland professional basketball game originally scheduled for Oct 31, 2025, then the market resolves to Yes.",2025-10-29 19:12:00+00:00,KXNBAGAME-25OCT31DENPOR,Denver vs Portland Winner?,,finalized,2025-11-15 02:00:00+00:00,4377894,2665166,1
KXNBAGAME-25OCT31BOSPHI-BOS,Sports,"If Boston wins the Boston vs Philadelphia professional basketball game originally scheduled for Oct 31, 2025, then the market resolves to Yes.",2025-10-29 17:06:00+00:00,KXNBAGAME-25OCT31BOSPHI,Boston vs Philadelphia Winner?,,finalized,2025-11-14 23:00:00+00:00,4321101,1889930,99
KXNBAGAME-25OCT30GSWMIL-MIL,Sports,"If Milwaukee wins the Golden State vs Milwaukee professional basketball game originally scheduled for Oct 30, 2025, then the market resolves to Yes.",2025-10-28 17:06:00+00:00,KXNBAGAME-25OCT30GSWMIL,Golden State vs Milwaukee Winner?,,finalized,2025-11-14 00:00:00+00:00,4168523,2268139,99
KXNBAGAME-25OCT31DENPOR-POR,Sports,"If Portland wins the Denver vs Portland professional basketball game originally scheduled for Oct 31, 2025, then the market resolves to Yes.",2025-10-29 19:12:00+00:00,KXNBAGAME-25OCT31DENPOR,Denver vs Portland Winner?,,finalized,2025-11-15 02:00:00+00:00,4143022,1792114,99
KXNBAGAME-25NOV02MIALAL-MIA,Sports,"If Miami wins the Miami vs Los Angeles professional basketball game originally scheduled for Nov 2, 2025, then the market resolves to Yes.",2025-10-31 20:06:00+00:00,KXNBAGAME-25NOV02MIALAL,Miami vs Los Angeles Winner?,,finalized,2025-11-17 02:30:00+00:00,4139443,2902476,1
KXNBAGAME-25NOV03MIALAC-LAC,Sports,"If LA wins the Miami vs LA professional basketball game originally scheduled for Nov 3, 2025, then the market resolves to Yes.",2025-11-01 20:07:00+00:00,KXNBAGAME-25NOV03MIALAC,Miami vs LA Winner?,,finalized,2025-11-18 03:30:00+00:00,4132870,2131688,1
KXNCAAFGAME-25NOV08INDPSU-IND,Sports,"If Indiana wins the Indiana at Penn St. college football game originally scheduled for Nov 8, 2025, then the market resolves to Yes.",2025-10-31 15:13:00+00:00,KXNCAAFGAME-25NOV08INDPSU,Indiana at Penn St. Winner?,,finalized,2025-11-22 18:00:00+00:00,12651476,5081339,99
KXNCAAFGAME-25NOV01UGAFLA-UGA,Sports,"If Georgia wins the Georgia at Florida college football game originally scheduled for Nov 1, 2025, then the market resolves to Yes.",2025-10-17 20:14:00+00:00,KXNCAAFGAME-25NOV01UGAFLA,Georgia at Florida Winner?,,finalized,2025-11-15 19:30:00+00:00,10530396,5789515,99
KXNCAAFGAME-25NOV07HOUUCF-HOU,Sports,"If Houston wins the Houston at UCF college football game originally scheduled for Nov 7, 2025, then the market resolves to Yes.",2025-10-31 15:12:00+00:00,KXNCAAFGAME-25NOV07HOUUCF,Houston at UCF Winner?,,finalized,2025-11-22 01:00:00+00:00,9827085,4721796,99
KXNCAAFGAME-25NOV08INDPSU-PSU,Sports,"If Penn St. wins the Indiana at Penn St. college football game originally scheduled for Nov 8, 2025, then the market resolves to Yes.",2025-10-31 15:13:00+00:00,KXNCAAFGAME-25NOV08INDPSU,Indiana at Penn St. Winner?,,finalized,2025-11-22 18:00:00+00:00,9610995,2903486,1
KXNCAAFGAME-25NOV08BYUTTU-BYU,Sports,"If BYU wins the BYU at Texas Tech college football game originally scheduled for Nov 8, 2025, then the market resolves to Yes.",2025-10-31 15:12:00+00:00,KXNCAAFGAME-25NOV08BYUTTU,BYU at Texas Tech Winner?,,finalized,2025-11-22 17:00:00+00:00,8964088,7229572,1
KXNCAAFGAME-25NOV07TULNMEM-MEM,Sports,"If Memphis wins the Tulane at Memphis college football game originally scheduled for Nov 7, 2025, then the market resolves to Yes.",2025-10-31 15:12:00+00:00,KXNCAAFGAME-25NOV07TULNMEM,Tulane at Memphis Winner?,,finalized,2025-11-22 02:00:00+00:00,8248665,3801860,1
KXNCAAFGAME-25NOV08AUBVAN-VAN,Sports,"If Vanderbilt wins the Auburn at Vanderbilt college football game originally scheduled for Nov 8, 2025, then the market resolves to Yes.",2025-10-31 15:14:00+00:00,KXNCAAFGAME-25NOV08AUBVAN,Auburn at Vanderbilt Winner?,,finalized,2025-11-22 21:00:00+00:00,7779901,3762813,99
KXNCAAFGAME-25NOV01VANTEX-VAN,Sports,"If Vanderbilt wins the Vanderbilt at Texas college football game originally scheduled for Nov 1, 2025, then the market resolves to Yes.",2025-10-17 20:14:00+00:00,KXNCAAFGAME-25NOV01VANTEX,Vanderbilt at Texas Winner?,,finalized,2025-11-15 16:00:00+00:00,7732104,4731058,1
KXNCAAFGAME-25NOV01GTNCST-GT,Sports,"If Georgia Tech wins the Georgia Tech at North Carolina St. college football game originally scheduled for Nov 1, 2025, then the market resolves to Yes.",2025-10-17 20:14:00+00:00,KXNCAAFGAME-25NOV01GTNCST,Georgia Tech at North Carolina St. Winner?,,finalized,2025-11-15 17:00:00+00:00,6877466,4298501,1
KXNCAAFGAME-25NOV01OKLATENN-TENN,Sports,"If Tennessee wins the Oklahoma at Tennessee college football game originally scheduled for Nov 1, 2025, then the market resolves to Yes.",2025-10-17 20:14:00+00:00,KXNCAAFGAME-25NOV01OKLATENN,Oklahoma at Tennessee Winner?,,finalized,2025-11-15 17:00:00+00:00,6691739,3275648,1
KXNCAAFGAME-25NOV01CINUTAH-CIN,Sports,"If Cincinnati wins the Cincinnati at Utah college football game originally scheduled for Nov 1, 2025, then the market resolves to Yes.",2025-10-17 20:14:00+00:00,KXNCAAFGAME-25NOV01CINUTAH,Cincinnati at Utah Winner?,,finalized,2025-11-15 17:00:00+00:00,6479023,4731775,1
KXNCAAFGAME-25NOV01OKLATENN-OKLA,Sports,"If Oklahoma wins the Oklahoma at Tennessee college football game originally scheduled for Nov 1, 2025, then the market resolves to Yes.",2025-10-17 20:14:00+00:00,KXNCAAFGAME-25NOV01OKLATENN,Oklahoma at Tennessee Winner?,,finalized,2025-11-15 17:00:00+00:00,6321272,3530496,99
KXNCAAFGAME-25NOV08OREIOWA-ORE,Sports,"If Oregon wins the Oregon at Iowa college football game originally scheduled for Nov 8, 2025, then the market resolves to Yes.",2025-10-31 15:13:00+00:00,KXNCAAFGAME-25NOV08OREIOWA,Oregon at Iowa Winner?,,finalized,2025-11-22 18:00:00+00:00,6307925,3200073,99
KXNCAAFGAME-25NOV07TULNMEM-TULN,Sports,"If Tulane wins the Tulane at Memphis college football game originally scheduled for Nov 7, 2025, then the market resolves to Yes.",2025-10-31 15:12:00+00:00,KXNCAAFGAME-25NOV07TULNMEM,Tulane at Memphis Winner?,,finalized,2025-11-22 02:00:00+00:00,6197934,3052123,99
KXNCAAFGAME-25NOV01UGAFLA-FLA,Sports,"If Florida wins the Georgia at Florida college football game originally scheduled for Nov 1, 2025, then the market resolves to Yes.",2025-10-17 20:14:00+00:00,KXNCAAFGAME-25NOV01UGAFLA,Georgia at Florida Winner?,,finalized,2025-11-15 19:30:00+00:00,6144718,2908344,1
KXATPMATCH-25NOV11MUSDE-DE,Sports,"If Alex de Minaur wins the Musetti vs de Minaur professional tennis match in the 2025 ATP World Tour Finals Men Singles Group A after a ball has been played, then the market resolves to Yes.",2025-11-10 19:35:00+00:00,KXATPMATCH-25NOV11MUSDE,Will Alex de Minaur win the Musetti vs de Minaur match?,,finalized,2025-11-25 19:30:00+00:00,3740814,1438164,1
KXATPMATCH-25NOV11MUSDE-MUS,Sports,"If Lorenzo Musetti wins the Musetti vs de Minaur professional tennis match in the 2025 ATP World Tour Finals Men Singles Group A after a ball has been played, then the market resolves to Yes.",2025-11-10 19:35:00+00:00,KXATPMATCH-25NOV11MUSDE,Will Lorenzo Musetti win the Musetti vs de Minaur match?,,finalized,2025-11-25 19:30:00+00:00,3408164,1319880,99
KXATPMATCH-25NOV11ALCFRI-ALC,Sports,"If Carlos Alcaraz wins the Alcaraz vs Fritz professional tennis match in the 2025 ATP World Tour Finals Men Singles Group A after a ball has been played, then the market resolves to Yes.",2025-11-10 16:15:00+00:00,KXATPMATCH-25NOV11ALCFRI,Will Carlos Alcaraz win the Alcaraz vs Fritz match?,,finalized,2025-11-25 13:00:00+00:00,3151885,2183032,99
KXATPMATCH-25NOV11ALCFRI-FRI,Sports,"If Taylor Fritz wins the Alcaraz vs Fritz professional tennis match in the 2025 ATP World Tour Finals Men Singles Group A after a ball has been played, then the market resolves to Yes.",2025-11-10 16:15:00+00:00,KXATPMATCH-25NOV11ALCFRI,Will Taylor Fritz win the Alcaraz vs Fritz match?,,finalized,2025-11-25 13:00:00+00:00,1831097,1064809,1
KXATPMATCH-25NOV10SINAUG-AUG,Sports,"If Felix Auger-Aliassime wins the Sinner vs Auger-Aliassime professional tennis match in the 2025 ATP World Tour Finals Men Singles Group B after a ball has been played, then the market resolves to Yes.",2025-11-09 21:15:00+00:00,KXATPMATCH-25NOV10SINAUG,Will Felix Auger-Aliassime win the Sinner vs Auger-Aliassime match?,,finalized,2025-11-24 19:30:00+00:00,1599868,1280566,1
KXATPMATCH-25OCT31MEDZVE-MED,Sports,"If Daniil Medvedev wins the Medvedev vs Zverev professional tennis match in the 2025 ATP Paris quarterfinal after a ball has been played, then the market resolves to Yes.",2025-10-30 22:16:00+00:00,KXATPMATCH-25OCT31MEDZVE,Will Daniil Medvedev win the Medvedev vs Zverev match?,,finalized,2025-11-14 19:10:00+00:00,1268263,537541,1
KXATPMATCH-25NOV10SINAUG-SIN,Sports,"If Jannik Sinner wins the Sinner vs Auger-Aliassime professional tennis match in the 2025 ATP World Tour Finals Men Singles Group B after a ball has been played, then the market resolves to Yes.",2025-11-09 21:15:00+00:00,KXATPMATCH-25NOV10SINAUG,Will Jannik Sinner win the Sinner vs Auger-Aliassime match?,,finalized,2025-11-24 19:30:00+00:00,1264478,965347,99
KXATPMATCH-25OCT31MEDZVE-ZVE,Sports,"If Alexander Zverev wins the Medvedev vs Zverev professional tennis match in the 2025 ATP Paris quarterfinal after a ball has been played, then the market resolves to Yes.",2025-10-30 22:16:00+00:00,KXATPMATCH-25OCT31MEDZVE,Will Alexander Zverev win the Medvedev vs Zverev match?,,finalized,2025-11-14 19:10:00+00:00,1132605,338709,99
KXATPMATCH-25OCT28ALCNOR-NOR,Sports,"If Cameron Norrie wins the Alcaraz vs Norrie professional tennis match in the 2025 ATP Paris round of 32 after a ball has been played, then the market resolves to Yes.",2025-10-27 13:07:00+00:00,KXATPMATCH-25OCT28ALCNOR,Will Cameron Norrie win the Alcaraz vs Norrie match?,,finalized,2025-11-11 10:00:00+00:00,1062940,373718,99
KXATPMATCH-25NOV10MUSFRI-FRI,Sports,"If Taylor Fritz wins the Musetti vs Fritz professional tennis match in the 2025 ATP World Tour Finals Men Singles Group A after a ball has been played, then the market resolves to Yes.",2025-11-09 18:11:00+00:00,KXATPMATCH-25NOV10MUSFRI,Will Taylor Fritz win the Musetti vs Fritz match?,,finalized,2025-11-24 13:00:00+00:00,1061047,793453,99
KXATPMATCH-25NOV04CAZNOR-NOR,Sports,"If Cameron Norrie wins the Cazaux vs Norrie professional tennis match in the 2025 ATP Metz Round Of 16 after a ball has been played, then the market resolves to Yes.",2025-11-03 19:55:00+00:00,KXATPMATCH-25NOV04CAZNOR,Will Cameron Norrie win the Cazaux vs Norrie match?,,finalized,2025-11-18 18:10:00+00:00,1038013,502898,99
KXATPMATCH-25NOV08DJOMUS-DJO,Sports,"If Novak Djokovic wins the Djokovic vs Musetti professional tennis match in the 2025 ATP Athens Final after a ball has been played, then the market resolves to Yes.",2025-11-07 19:46:00+00:00,KXATPMATCH-25NOV08DJOMUS,Will Novak Djokovic win the Djokovic vs Musetti match?,,finalized,2025-11-22 15:00:00+00:00,1012585,349105,99
KXATPMATCH-25NOV07KORMUS-MUS,Sports,"If Lorenzo Musetti wins the Korda vs Musetti professional tennis match in the 2025 ATP Athens Semifinal after a ball has been played, then the market resolves to Yes.",2025-11-06 14:46:00+00:00,KXATPMATCH-25NOV07KORMUS,Will Lorenzo Musetti win the Korda vs Musetti match?,,finalized,2025-11-21 11:00:00+00:00,993125,318557,99
KXATPMATCH-25NOV09ALCDE-ALC,Sports,"If Carlos Alcaraz wins the Alcaraz vs de Minaur professional tennis match in the 2025 ATP World Tour Finals Men Singles Group A after a ball has been played, then the market resolves to Yes.",2025-11-08 20:07:00+00:00,KXATPMATCH-25NOV09ALCDE,Will Carlos Alcaraz win the Alcaraz vs de Minaur match?,,finalized,2025-11-23 13:00:00+00:00,982094,758068,99
KXATPMATCH-25NOV07NORSON-NOR,Sports,"If Cameron Norrie wins the Norrie vs Sonego professional tennis match in the 2025 ATP Metz Semifinal after a ball has been played, then the market resolves to Yes.",2025-11-06 18:15:00+00:00,KXATPMATCH-25NOV07NORSON,Will Cameron Norrie win the Norrie vs Sonego match?,,finalized,2025-11-21 14:30:00+00:00,973333,490258,99
KXGOVSHUTLENGTH-26JAN01-40D,Politics,"If the ongoing federal government shutdown (starting October 1) lasts for Above 40 days (through 10:00 AM ET November 10), then the market resolves to Yes.",2025-10-03 20:00:55+00:00,KXGOVSHUTLENGTH-26JAN01,Will the federal government shut down for more than 40 days?,,finalized,2026-01-02 15:00:00+00:00,6712056,2484103,99
KXGOVSHUTLENGTH-26JAN01-41D,Politics,"If the ongoing federal government shutdown (starting October 1) lasts for Above 41 days (through 10:00 AM ET November 11), then the market resolves to Yes.",2025-10-31 14:00:30+00:00,KXGOVSHUTLENGTH-26JAN01,Will the federal government shut down for more than 41 days?,,finalized,2026-01-02 15:00:00+00:00,3615567,1676675,99
KXGOVSHUTLENGTH-26JAN01-35D,Politics,"If the ongoing federal government shutdown (starting October 1) lasts for above 35 days (through 10:00 AM ET November 5), then the market resolves to Yes.",2025-09-05 14:00:00+00:00,KXGOVSHUTLENGTH-26JAN01,Will the federal government shut down for more than 35 days?,,finalized,2026-01-02 15:00:00+00:00,3083362,642129,99
KXGOVSHUTLENGTH-26JAN01-30D,Politics,"If the ongoing federal government shutdown (starting October 1) lasts for Above 30 days (through 10:00 AM ET October 31), then the market resolves to Yes.",2025-10-03 20:00:28+00:00,KXGOVSHUTLENGTH-26JAN01,Will the federal government shut down for more than 30 days?,,finalized,2026-01-02 15:00:00+00:00,1792641,560745,99
KXGOVSHUTLENGTH-26JAN01-10D,Politics,"If the ongoing federal government shutdown (starting October 1) lasts for above 10 days (through 10:00 AM ET October 11), then the market resolves to Yes.",2025-09-05 14:00:00+00:00,KXGOVSHUTLENGTH-26JAN01,Will the federal government shut down for more than 10 days?,,finalized,2026-01-02 15:00:00+00:00,1379701,525762,99
KXGOVSHUTLENGTH-26JAN01-25D,Politics,"If the ongoing federal government shutdown (starting October 1) lasts for Above 25 days (through 10:00 AM ET October 26), then the market resolves to Yes.",2025-10-03 20:00:00+00:00,KXGOVSHUTLENGTH-26JAN01,Will the federal government shut down for more than 25 days?,,finalized,2026-01-02 15:00:00+00:00,1305478,388678,99
KXGOVSHUTLENGTH-26JAN01-15D,Politics,"If the ongoing federal government shutdown (starting October 1) lasts for above 15 days (through 10:00 AM ET October 16), then the market resolves to Yes.",2025-10-01 14:00:00+00:00,KXGOVSHUTLENGTH-26JAN01,Will the federal government shut down for more than 15 days?,,finalized,2026-01-02 15:00:00+00:00,1228438,420138,99
KXGOVSHUTLENGTH-26JAN01-38D,Politics,"If the ongoing federal government shutdown (starting October 1) lasts for Above 38 days (through 10:00 AM ET November 8), then the market resolves to Yes.",2025-10-29 14:00:26+00:00,KXGOVSHUTLENGTH-26JAN01,Will the federal government shut down for more than 38 days?,,finalized,2026-01-02 15:00:00+00:00,1110162,631541,99
KXGOVSHUTLENGTH-26JAN01-20D,Politics,"If the ongoing federal government shutdown (starting October 1) lasts for Above 20 days (through 10:00 AM ET October 21), then the market resolves to Yes.",2025-10-03 20:00:09+00:00,KXGOVSHUTLENGTH-26JAN01,Will the federal government shut down for more than 20 days?,,finalized,2026-01-02 15:00:00+00:00,908322,319374,99
KXGOVSHUTLENGTH-26JAN01-39D,Politics,"If the ongoing federal government shutdown (starting October 1) lasts for Above 39 days (through 10:00 AM ET November 9), then the market resolves to Yes.",2025-10-29 14:00:01+00:00,KXGOVSHUTLENGTH-26JAN01,Will the federal government shut down for more than 39 days?,,finalized,2026-01-02 15:00:00+00:00,865992,432938,99
PRES-2024-KH,Politics,"If Kamala Harris or another representative of the Democratic party is inaugurated as President for the term beginning January 20, 2025, then the market resolves to Yes.",2024-10-04 12:15:00+00:00,PRES-2024,Will Kamala Harris or another Democrat win the Presidency?,,finalized,2025-11-05 15:00:00+00:00,273312857,55939388,1
PRES-2024-DJT,Politics,"If Donald Trump or another representative of the Republican party is inaugurated as President for the term beginning January 20, 2025, then the market resolves to Yes.",2024-10-04 12:15:00+00:00,PRES-2024,Will Donald Trump or another Republican win the Presidency?,,finalized,2025-11-05 15:00:00+00:00,262334207,48737297,99
PRES-2024-RFK,Politics,"If Robert F. Kennedy Jr. or another representative of the We the People party is inaugurated as President for the term beginning January 20, 2025, then the market resolves to Yes.",2024-10-04 12:15:00+00:00,PRES-2024,Will Robert F. Kennedy Jr. or another We the People nominee win the Presidency?,,finalized,2025-11-05 15:00:00+00:00,224361,223069,1
KXMAYORNYCPARTY-25-AC,Politics,"If Andrew Cuomo (as an independent only) is sworn in pursuant to the NYC Mayoral election on Nov 4, 2025, then the market resolves to Yes.",2025-06-25 03:45:00+00:00,KXMAYORNYCPARTY-25,Will a representative of the Andrew Cuomo party win the NYC Mayor race in 2025?,,finalized,2026-11-04 15:00:00+00:00,53423150,30271150,1
KXMAYORNYCPARTY-25-D,Politics,"If a representative of the Democratic Party is sworn in pursuant to the NYC Mayoral election on Nov 4, 2025, then the market resolves to Yes.",2024-11-09 19:00:00+00:00,KXMAYORNYCPARTY-25,Will a representative of the Democratic party win the NYC Mayor race in 2025?,,finalized,2026-11-04 15:00:00+00:00,48713982,24879936,99
KXMAYORNYCPARTY-25-R,Politics,"If a representative of the Republican Party is sworn in pursuant to the NYC Mayoral election on Nov 4, 2025, then the market resolves to Yes.",2024-11-09 19:00:00+00:00,KXMAYORNYCPARTY-25,Will a representative of the Republican party win the NYC Mayor race in 2025?,,finalized,2026-11-04 15:00:00+00:00,11492105,8091996,1
KXMAYORNYCPARTY-25-EADA,Politics,"If Eric Adams is sworn in pursuant to the NYC Mayoral election on Nov 4, 2025, then the market resolves to Yes.",2025-06-23 01:00:00+00:00,KXMAYORNYCPARTY-25,Will a representative of the Eric Adams party win the NYC Mayor race in 2025?,,finalized,2026-11-04 15:00:00+00:00,6244276,2743981,1
KXMAYORNYCPARTY-25-JWAL,Politics,"If Jim Walden wins the NYC Mayoral election on Nov 4, 2025, then the market resolves to Yes.",2025-06-24 15:50:00+00:00,KXMAYORNYCPARTY-25,Will a representative of the Jim Walden party win the NYC Mayor race in 2025?,,finalized,2026-11-04 15:00:00+00:00,1769040,1689278,1
POPVOTEMOV-24-R-B-2.5,Politics,"If the popular vote margin of victory is 2.00-2.99% ,  for Donald Trump or another representative of the Republican party in the 2024 election, then the market resolves to Yes.",2024-10-07 12:15:00+00:00,POPVOTEMOV-24,Will the popular vote margin of victory for  be between -2.00 and -2.99?,,finalized,2025-05-07 15:00:00+00:00,23594158,6277400,1
POPVOTEMOV-24-R-B-3.5,Politics,"If the popular vote margin of victory is 3.00-3.99% ,  for Donald Trump or another representative of the Republican party in the 2024 election, then the market resolves to Yes.",2024-10-07 12:15:00+00:00,POPVOTEMOV-24,Will the popular vote margin of victory for  be between -3.00 and -3.99?,,finalized,2025-05-07 15:00:00+00:00,23225275,5590840,1
POPVOTEMOV-24-R-B-1.5,Politics,"If the popular vote margin of victory is 1.00-1.99% ,  for Donald Trump or another representative of the Republican party in the 2024 election, then the market resolves to Yes.",2024-10-07 12:15:00+00:00,POPVOTEMOV-24,Will the popular vote margin of victory for  be between -1.00 and -1.99?,,finalized,2025-05-07 15:00:00+00:00,19244235,4411306,99
POPVOTEMOV-24-R-B-0.5,Politics,"If the popular vote margin of victory is 0.00-0.99% ,  for Donald Trump or another representative of the Republican party in the 2024 election, then the market resolves to Yes.",2024-10-07 12:15:00+00:00,POPVOTEMOV-24,Will the popular vote margin of victory for  be between -0.01 and -0.99?,,finalized,2025-05-07 15:00:00+00:00,15068035,5695255,1
POPVOTEMOV-24-R-B-4.5,Politics,"If the popular vote margin of victory is 4.00-4.99% ,  for Donald Trump or another representative of the Republican party in the 2024 election, then the market resolves to Yes.",2024-10-07 12:15:00+00:00,POPVOTEMOV-24,Will the popular vote margin of victory for  be between -4.00 and -4.99?,,finalized,2025-05-07 15:00:00+00:00,8002433,3066521,1
POPVOTEMOV-24-D-B0.5,Politics,"If the popular vote margin of victory is 0.00-0.99% ,  for Kamala Harris or another representative of the Democratic party in the 2024 election, then the market resolves to Yes.",2024-10-07 12:15:00+00:00,POPVOTEMOV-24,Will the popular vote margin of victory for  be between 0.00 and 0.99?,,finalized,2025-05-07 15:00:00+00:00,6865045,3341804,1
POPVOTEMOV-24-D-B1.5,Politics,"If the popular vote margin of victory is 1.00-1.99% ,  for Kamala Harris or another representative of the Democratic party in the 2024 election, then the market resolves to Yes.",2024-10-07 12:15:00+00:00,POPVOTEMOV-24,Will the popular vote margin of victory for  be between 1.00 and 1.99?,,finalized,2025-05-07 15:00:00+00:00,4377443,2172124,1
POPVOTEMOV-24-D-B2.5,Politics,"If the popular vote margin of victory is 2.00-2.99% ,  for Kamala Harris or another representative of the Democratic party in the 2024 election, then the market resolves to Yes.",2024-10-07 12:15:00+00:00,POPVOTEMOV-24,Will the popular vote margin of victory for  be between 2.00 and 2.99?,,finalized,2025-05-07 15:00:00+00:00,3979315,2262588,1
POPVOTEMOV-24-R-T-6.99,Politics,"If the popular vote margin of victory is 7.00% or more  for Donald Trump or another representative of the Republican party in the 2024 election, then the market resolves to Yes.",2024-10-07 12:15:00+00:00,POPVOTEMOV-24,Will the popular vote margin of victory for  be below -6.99?,,finalized,2025-05-07 15:00:00+00:00,3661882,2541599,1
POPVOTEMOV-24-D-B3.5,Politics,"If the popular vote margin of victory is 3.00-3.99% ,  for Kamala Harris or another representative of the Democratic party in the 2024 election, then the market resolves to Yes.",2024-10-07 12:15:00+00:00,POPVOTEMOV-24,Will the popular vote margin of victory for  be between 3.00 and 3.99?,,finalized,2025-05-07 15:00:00+00:00,3619810,2298834,1
CLOSESTSTATE-24-AZ,Politics,"If Arizona has the closest election in the 2024 presidential election, then the market resolves to Yes.",2024-10-07 12:15:00+00:00,CLOSESTSTATE-24,Will Arizona be the closest state in the Presidential election?,,finalized,2025-11-05 15:00:00+00:00,4748001,920096,1
CLOSESTSTATE-24-WI,Politics,"If Wisconsin has the closest election in the 2024 presidential election, then the market resolves to Yes.",2024-10-07 12:15:00+00:00,CLOSESTSTATE-24,Will Wisconsin be the closest state in the Presidential election?,,finalized,2025-11-05 15:00:00+00:00,4315827,964450,99
CLOSESTSTATE-24-PA,Politics,"If Pennsylvania has the closest election in the 2024 presidential election, then the market resolves to Yes.",2024-10-07 12:15:00+00:00,CLOSESTSTATE-24,Will Pennsylvania be the closest state in the Presidential election?,,finalized,2025-11-05 15:00:00+00:00,3553185,1041734,1
CLOSESTSTATE-24-NV,Politics,"If Nevada has the closest election in the 2024 presidential election, then the market resolves to Yes.",2024-10-07 12:15:00+00:00,CLOSESTSTATE-24,Will Nevada be the closest state in the Presidential election?,,finalized,2025-11-05 15:00:00+00:00,2260342,775495,1
CLOSESTSTATE-24-MI,Politics,"If Michigan has the closest election in the 2024 presidential election, then the market resolves to Yes.",2024-10-07 12:15:00+00:00,CLOSESTSTATE-24,Will Michigan be the closest state in the Presidential election?,,finalized,2025-11-05 15:00:00+00:00,2099794,720016,1
CLOSESTSTATE-24-GA,Politics,"If Georgia has the closest election in the 2024 presidential election, then the market resolves to Yes.",2024-10-07 12:15:00+00:00,CLOSESTSTATE-24,Will Georgia be the closest state in the Presidential election?,,finalized,2025-11-05 15:00:00+00:00,1866786,725678,1
GOVPARTYNJ-25-R,Politics,"If a representative of the Republican party is inaugurated as the governor of New Jersey pursuant to the 2025 election, then the market resolves to Yes.",2024-11-07 15:00:00+00:00,GOVPARTYNJ-25,Will Jack Ciattarelli win the 2025 New Jersey gubernatorial election?,,finalized,2026-11-04 15:00:00+00:00,15671279,9302938,1
GOVPARTYNJ-25-D,Politics,"If a representative of the Democratic party is inaugurated as the governor of New Jersey pursuant to the 2025 election, then the market resolves to Yes.",2024-11-07 15:00:00+00:00,GOVPARTYNJ-25,Will Mikie Sherrill win the 2025 New Jersey gubernatorial election?,,finalized,2026-11-04 15:00:00+00:00,5968724,2993473,99
HOUSEMOV-24-R-B1-5,Politics,"If the margin of victory in the House (difference between the Republicans and second largest majority) is 1-5 ,  for the Republicans after the 2024 election, then the market resolves to Yes.",2024-10-07 12:15:00+00:00,HOUSEMOV-24,Will the House margin of victory for Republicans be 1-5 ?,,finalized,2025-11-05 15:00:00+00:00,5491300,825580,99
HOUSEMOV-24-R-B6-10,Politics,"If the margin of victory in the House (difference between the Republicans and second largest majority) is 6-10 ,  for the Republicans after the 2024 election, then the market resolves to Yes.",2024-10-07 12:15:00+00:00,HOUSEMOV-24,Will the House margin of victory for Republicans be 6-10 ?,,finalized,2025-11-05 15:00:00+00:00,4743609,862168,1
HOUSEMOV-24-R-B11-15,Politics,"If the margin of victory in the House (difference between the Republicans and second largest majority) is 11-15 ,  for the Republicans after the 2024 election, then the market resolves to Yes.",2024-10-07 12:15:00+00:00,HOUSEMOV-24,Will the House margin of victory for Republicans be 11-15 ?,,finalized,2025-11-05 15:00:00+00:00,3028204,835677,1
HOUSEMOV-24-D-B1-5,Politics,"If the margin of victory in the House (difference between the Democrats and second largest majority) is 1-5 ,  for the Democrats after the 2024 election, then the market resolves to Yes.",2024-10-07 12:15:00+00:00,HOUSEMOV-24,Will the House margin of victory for Democrats be 1-5 ?,,finalized,2025-11-05 15:00:00+00:00,1684834,748661,1
HOUSEMOV-24-R-T16,Politics,"If the margin of victory in the House (difference between the Republicans and second largest majority) is 16 or more  for the Republicans after the 2024 election, then the market resolves to Yes.",2024-10-07 12:15:00+00:00,HOUSEMOV-24,Will the House margin of victory for Republicans be 16 or more?,,finalized,2025-11-05 15:00:00+00:00,810529,347623,1
HOUSEMOV-24-D-T16,Politics,"If the margin of victory in the House (difference between the Democrats and second largest majority) is 16 or more  for the Democrats after the 2024 election, then the market resolves to Yes.",2024-10-07 12:15:00+00:00,HOUSEMOV-24,Will the House margin of victory for Democrats be 16 or more?,,finalized,2025-11-05 15:00:00+00:00,203274,116125,1
KXDJTJOINTSESSION-25MAR04-D,Politics,"If President Trump says Doge/Dogecoin as part of his speech to Congress on March 4, then the market resolves to Yes.",2025-01-29 15:00:00+00:00,KXDJTJOINTSESSION-25MAR04,Will Trump say Doge/Dogecoin at his speech to Congress on March 4?,,finalized,2025-03-31 14:00:00+00:00,1370926,821622,1
KXDJTJOINTSESSION-25MAR04-I,Politics,"If President Trump says Illegal Immigrant/Immigration as part of his speech to Congress on March 4, then the market resolves to Yes.",2025-01-29 15:00:00+00:00,KXDJTJOINTSESSION-25MAR04,Will Trump say Illegal Immigrant/Immigration at his speech to Congress on March 4?,,finalized,2025-03-31 14:00:00+00:00,1253366,623022,98
KXDJTJOINTSESSION-25MAR04-B,Politics,"If President Trump says Biden as part of his speech to Congress on March 4, then the market resolves to Yes.",2025-01-29 15:00:00+00:00,KXDJTJOINTSESSION-25MAR04,Will Trump say Biden at his speech to Congress on March 4?,,finalized,2025-03-31 14:00:00+00:00,1106767,462412,99
KXDJTJOINTSESSION-25MAR04-C,Politics,"If President Trump says Crypto/Bitcoin as part of his speech to Congress on March 4, then the market resolves to Yes.",2025-01-29 15:00:00+00:00,KXDJTJOINTSESSION-25MAR04,Will Trump say Crypto/Bitcoin at his speech to Congress on March 4?,,finalized,2025-03-31 14:00:00+00:00,1012996,520822,1
KXDJTJOINTSESSION-25MAR04-EM,Politics,"If President Trump says Elon / Elon Musk as part of his speech to Congress on March 4, then the market resolves to Yes.",2025-01-29 15:00:00+00:00,KXDJTJOINTSESSION-25MAR04,Will Trump say Elon Musk at his speech to Congress on March 4?,,finalized,2025-03-31 14:00:00+00:00,785569,425937,99
KXDJTJOINTSESSION-25MAR04-M,Politics,"If President Trump says Mexico as part of his speech to Congress on March 4, then the market resolves to Yes.",2025-02-11 15:00:40+00:00,KXDJTJOINTSESSION-25MAR04,Will Trump say Mexico at his speech to Congress on March 4?,,finalized,2025-03-31 14:00:00+00:00,577417,420994,99
KXDJTJOINTSESSION-25MAR04-M3,Politics,"If President Trump says Mandate 3+ times as part of his speech to Congress on March 4, then the market resolves to Yes.",2025-01-29 15:00:00+00:00,KXDJTJOINTSESSION-25MAR04,Will Trump say Mandate 3+ times at his speech to Congress on March 4?,,finalized,2025-03-31 14:00:00+00:00,528936,315944,99
KXDJTJOINTSESSION-25MAR04-AI,Politics,"If President Trump says AI/Artificial Intelligence as part of his speech to Congress on March 4, then the market resolves to Yes.",2025-01-29 15:00:00+00:00,KXDJTJOINTSESSION-25MAR04,Will Trump say AI/Artificial Intelligence at his speech to Congress on March 4?,,finalized,2025-03-31 14:00:00+00:00,490445,137711,1
KXDJTJOINTSESSION-25MAR04-A15,Politics,"If President Trump says America 15+ times as part of his speech to Congress on March 4, then the market resolves to Yes.",2025-01-29 15:00:00+00:00,KXDJTJOINTSESSION-25MAR04,Will Trump say America 15+ times at his speech to Congress on March 4?,,finalized,2025-03-31 14:00:00+00:00,428630,183466,99
KXDJTJOINTSESSION-25MAR04-UKRAINE,Politics,"If President Trump says Ukraine as part of his speech to Congress on March 4, then the market resolves to Yes.",2025-03-04 14:30:07+00:00,KXDJTJOINTSESSION-25MAR04,Will Trump say Ukraine at his speech to Congress on March 4?,,finalized,2025-03-31 14:00:00+00:00,370306,161012,99
KXFEDDECISION-25SEP-H0,Economics,"If the Federal Reserve does a Hike of 0bps on September 17, 2025, then the market resolves to Yes.",2025-07-30 14:00:00+00:00,KXFEDDECISION-25SEP,Will the Federal Reserve Hike rates by 0bps at their September 2025 meeting?,,finalized,2025-09-24 18:05:00+00:00,42718863,28241456,2
KXFEDDECISION-25SEP-C26,Economics,"If the Federal Reserve does a Cut of >25bps on September 17, 2025, then the market resolves to Yes.",2025-07-30 14:00:00+00:00,KXFEDDECISION-25SEP,Will the Federal Reserve Cut rates by >25bps at their September 2025 meeting?,,finalized,2025-09-24 18:05:00+00:00,29261331,17255096,5
KXFEDDECISION-25JUL-C25,Economics,"If the Federal Reserve does a Cut of 25bps on July 30, 2025, then the market resolves to Yes.",2025-06-18 14:00:00+00:00,KXFEDDECISION-25JUL,Will the Federal Reserve Cut rates by 25bps at their July 2025 meeting?,,finalized,2025-08-06 18:05:00+00:00,20535325,15355791,3
KXFEDDECISION-25SEP-C25,Economics,"If the Federal Reserve does a Cut of 25bps on September 17, 2025, then the market resolves to Yes.",2025-07-30 14:00:00+00:00,KXFEDDECISION-25SEP,Will the Federal Reserve Cut rates by 25bps at their September 2025 meeting?,,finalized,2025-09-24 18:05:00+00:00,18168848,10991003,95
KXFEDDECISION-25MAY-C25,Economics,"If the Federal Reserve does a Cut of 25bps on May 07, 2025, then the market resolves to Yes.",2025-03-19 14:00:00+00:00,KXFEDDECISION-25MAY,Will the Federal Reserve Cut rates by 25bps at their May 2025 meeting?,,finalized,2025-05-14 18:05:00+00:00,17739576,11694972,4
KXFEDDECISION-25JUN-C25,Economics,"If the Federal Reserve does a Cut of 25bps on June 18, 2025, then the market resolves to Yes.",2025-05-07 14:00:00+00:00,KXFEDDECISION-25JUN,Will the Federal Reserve Cut rates by 25bps at their June 2025 meeting?,,finalized,2025-06-25 18:05:00+00:00,17062008,11735202,2
KXFEDDECISION-25OCT-H0,Economics,"If the Federal Reserve does a Hike of 0bps on October 29, 2025, then the market resolves to Yes.",2025-08-05 14:00:00+00:00,KXFEDDECISION-25OCT,Will the Federal Reserve Hike rates by 0bps at their October 2025 meeting?,,finalized,2026-01-28 18:01:00+00:00,15137495,9799131,1
KXFEDDECISION-25JUL-H0,Economics,"If the Federal Reserve does a Hike of 0bps on July 30, 2025, then the market resolves to Yes.",2025-06-18 14:00:00+00:00,KXFEDDECISION-25JUL,Will the Federal Reserve Hike rates by 0bps at their July 2025 meeting?,,finalized,2025-08-06 18:05:00+00:00,15032203,10961123,97
KXFEDDECISION-25OCT-C26,Economics,"If the Federal Reserve does a Cut of >25bps on October 29, 2025, then the market resolves to Yes.",2025-08-05 14:00:00+00:00,KXFEDDECISION-25OCT,Will the Federal Reserve Cut rates by >25bps at their October 2025 meeting?,,finalized,2026-01-28 18:01:00+00:00,13693429,8053006,1
KXFEDDECISION-25MAY-H0,Economics,"If the Federal Reserve does a Hike of 0bps on May 07, 2025, then the market resolves to Yes.",2025-03-19 14:00:00+00:00,KXFEDDECISION-25MAY,Will the Federal Reserve Hike rates by 0bps at their May 2025 meeting?,,finalized,2025-05-14 18:05:00+00:00,13237803,7394458,96
KXFEDDECISION-25JUN-H0,Economics,"If the Federal Reserve does a Hike of 0bps on June 18, 2025, then the market resolves to Yes.",2025-05-07 14:00:00+00:00,KXFEDDECISION-25JUN,Will the Federal Reserve Hike rates by 0bps at their June 2025 meeting?,,finalized,2025-06-25 18:05:00+00:00,12292142,8566055,98
KXFEDDECISION-25JUL-C26,Economics,"If the Federal Reserve does a Cut of >25bps on July 30, 2025, then the market resolves to Yes.",2025-06-18 14:00:00+00:00,KXFEDDECISION-25JUL,Will the Federal Reserve Cut rates by >25bps at their July 2025 meeting?,,finalized,2025-08-06 18:05:00+00:00,11766116,9352081,1
KXFEDDECISION-25OCT-C25,Economics,"If the Federal Reserve does a Cut of 25bps on October 29, 2025, then the market resolves to Yes.",2025-08-05 14:00:00+00:00,KXFEDDECISION-25OCT,Will the Federal Reserve Cut rates by 25bps at their October 2025 meeting?,,finalized,2026-01-28 18:01:00+00:00,9914224,6329676,99
KXFEDDECISION-25MAY-C26,Economics,"If the Federal Reserve does a Cut of >25bps on May 07, 2025, then the market resolves to Yes.",2025-03-19 14:00:00+00:00,KXFEDDECISION-25MAY,Will the Federal Reserve Cut rates by >25bps at their May 2025 meeting?,,finalized,2025-05-14 18:05:00+00:00,7617148,5778214,1
KXFEDDECISION-25JUN-C26,Economics,"If the Federal Reserve does a Cut of >25bps on June 18, 2025, then the market resolves to Yes.",2025-05-07 14:00:00+00:00,KXFEDDECISION-25JUN,Will the Federal Reserve Cut rates by >25bps at their June 2025 meeting?,,finalized,2025-06-25 18:05:00+00:00,6007639,5781867,1
KXFEDDECISION-25MAY-H25,Economics,"If the Federal Reserve does a Hike of 25bps on May 07, 2025, then the market resolves to Yes.",2025-03-19 14:00:00+00:00,KXFEDDECISION-25MAY,Will the Federal Reserve Hike rates by 25bps at their May 2025 meeting?,,finalized,2025-05-14 18:05:00+00:00,2008280,1908487,1
KXFEDDECISION-24DEC-C25,Economics,"If the Federal Reserve does a Cut of 25bps on December 18, 2024, then the market resolves to Yes.",2024-10-30 14:00:00+00:00,KXFEDDECISION-24DEC,Will the Federal Reserve Cut rates by 25bps at their December 2024 meeting?,,finalized,2024-12-25 19:05:00+00:00,1573321,793322,97
KXFEDDECISION-25MAR-H0,Economics,"If the Federal Reserve does a Hike of 0bps on March 19, 2025, then the market resolves to Yes.",2025-01-29 15:00:00+00:00,KXFEDDECISION-25MAR,Will the Federal Reserve Hike rates by 0bps at their March 2025 meeting?,,finalized,2025-03-26 18:05:00+00:00,1322446,615554,99
KXFEDDECISION-24DEC-H0,Economics,"If the Federal Reserve does a Hike of 0bps on December 18, 2024, then the market resolves to Yes.",2024-10-30 14:00:00+00:00,KXFEDDECISION-24DEC,Will the Federal Reserve Hike rates by 0bps at their December 2024 meeting?,,finalized,2024-12-25 19:05:00+00:00,1204354,457419,3
KXFEDDECISION-25SEP-H25,Economics,"If the Federal Reserve does a Hike of 25bps on September 17, 2025, then the market resolves to Yes.",2025-07-30 14:00:00+00:00,KXFEDDECISION-25SEP,Will the Federal Reserve Hike rates by 25bps at their September 2025 meeting?,,finalized,2025-09-24 18:05:00+00:00,1144857,1144857,1
KXFEDDECISION-25MAR-C25,Economics,"If the Federal Reserve does a Cut of 25bps on March 19, 2025, then the market resolves to Yes.",2025-01-29 15:00:00+00:00,KXFEDDECISION-25MAR,Will the Federal Reserve Cut rates by 25bps at their March 2025 meeting?,,finalized,2025-03-26 18:05:00+00:00,944579,513462,1
KXFEDDECISION-25JAN-H0,Economics,"If the Federal Reserve does a Hike of 0bps on January 29, 2025, then the market resolves to Yes.",2024-12-18 15:00:00+00:00,KXFEDDECISION-25JAN,Will the Federal Reserve Hike rates by 0bps at their January 2025 meeting?,,finalized,2025-02-05 19:05:00+00:00,942876,559992,99
KXFEDDECISION-25JAN-C25,Economics,"If the Federal Reserve does a Cut of 25bps on January 29, 2025, then the market resolves to Yes.",2024-12-18 15:00:00+00:00,KXFEDDECISION-25JAN,Will the Federal Reserve Cut rates by 25bps at their January 2025 meeting?,,finalized,2025-02-05 19:05:00+00:00,938590,629086,2
FEDDECISION-24SEP-C26,Economics,"If the Federal Reserve does a Cut of >25bps on September 18, 2024 , then the market resolves to Yes.",2024-07-30 14:00:00+00:00,FEDDECISION-24SEP,Will the Federal Reserve Cut rates by >25bps at their September 2024 meeting?,,finalized,2024-09-25 18:05:00+00:00,920181,334304,40
KXFEDDECISION-25JUN-H25,Economics,"If the Federal Reserve does a Hike of 25bps on June 18, 2025, then the market resolves to Yes.",2025-05-07 14:00:00+00:00,KXFEDDECISION-25JUN,Will the Federal Reserve Hike rates by 25bps at their June 2025 meeting?,,finalized,2025-06-25 18:05:00+00:00,911763,905000,1
KXCPI-25JUL-T0.2,Economics,"If the Consumer Price Index (CPI) increases by more than 0.2% (single-decimal) in July 2025, then the market resolves to Yes.",2025-06-12 14:00:00+00:00,KXCPI-25JUL,Will CPI rise more than 0.2% in July 2025?,,finalized,2025-11-11 14:00:00+00:00,785062,349524,54
KXCPI-25APR-T0.2,Economics,"If the Consumer Price Index (CPI) increases by more than 0.2% in April 2025, then the market resolves to Yes.",2025-03-13 14:00:00+00:00,KXCPI-25APR,Will CPI rise more than 0.2% in April 2025?,,finalized,2025-05-20 14:00:00+00:00,721127,107248,67
KXCPI-25JUL-T0.1,Economics,"If the Consumer Price Index (CPI) increases by more than 0.1% (single-decimal) in July 2025, then the market resolves to Yes.",2025-06-12 14:00:00+00:00,KXCPI-25JUL,Will CPI rise more than 0.1% in July 2025?,,finalized,2025-11-11 14:00:00+00:00,682409,438046,91
KXCPI-25AUG-T0.3,Economics,"If the Consumer Price Index (CPI) increases by more than 0.3% in August 2025, then the market resolves to Yes.",2025-07-16 14:00:00+00:00,KXCPI-25AUG,Will CPI rise more than 0.3% in August 2025?,,finalized,2025-09-18 14:00:00+00:00,629384,375275,36
KXCPI-25JUL-T0.3,Economics,"If the Consumer Price Index (CPI) increases by more than 0.3% (single-decimal) in July 2025, then the market resolves to Yes.",2025-06-12 14:00:00+00:00,KXCPI-25JUL,Will CPI rise more than 0.3% in July 2025?,,finalized,2025-11-11 14:00:00+00:00,505015,255816,12
KXCPI-25JUN-T0.2,Economics,"If the Consumer Price Index (CPI) increases by more than 0.2% in June 2025, then the market resolves to Yes.",2025-05-14 14:00:00+00:00,KXCPI-25JUN,Will CPI rise more than 0.2% in June 2025?,,finalized,2025-07-22 14:00:00+00:00,487652,234680,47
KXCPI-25APR-T0.1,Economics,"If the Consumer Price Index (CPI) increases by more than 0.1% in April 2025, then the market resolves to Yes.",2025-03-13 14:00:00+00:00,KXCPI-25APR,Will CPI rise more than 0.1% in April 2025?,,finalized,2025-05-20 14:00:00+00:00,480831,124203,88
KXCPI-25JUN-T0.3,Economics,"If the Consumer Price Index (CPI) increases by more than 0.3% in June 2025, then the market resolves to Yes.",2025-05-14 14:00:00+00:00,KXCPI-25JUN,Will CPI rise more than 0.3% in June 2025?,,finalized,2025-07-22 14:00:00+00:00,455091,231856,13
KXCPI-25APR-T0.3,Economics,"If the Consumer Price Index (CPI) increases by more than 0.3% in April 2025, then the market resolves to Yes.",2025-03-13 14:00:00+00:00,KXCPI-25APR,Will CPI rise more than 0.3% in April 2025?,,finalized,2025-05-20 14:00:00+00:00,450885,112625,22
KXCPI-25AUG-T0.2,Economics,"If the Consumer Price Index (CPI) increases by more than 0.2% in August 2025, then the market resolves to Yes.",2025-07-16 14:00:00+00:00,KXCPI-25AUG,Will CPI rise more than 0.2% in August 2025?,,finalized,2025-09-18 14:00:00+00:00,432129,184936,87
KXCPI-25MAY-T0.1,Economics,"If the Consumer Price Index (CPI) increases by more than 0.1% in May 2025, then the market resolves to Yes.",2025-04-11 14:00:00+00:00,KXCPI-25MAY,Will CPI rise more than 0.1% in May 2025?,,finalized,2025-06-18 14:00:00+00:00,319560,143339,78
KXCPI-25JUN-T0.1,Economics,"If the Consumer Price Index (CPI) increases by more than 0.1% in June 2025, then the market resolves to Yes.",2025-05-14 14:00:00+00:00,KXCPI-25JUN,Will CPI rise more than 0.1% in June 2025?,,finalized,2025-07-22 14:00:00+00:00,309251,183232,82
KXCPI-25MAY-T0.2,Economics,"If the Consumer Price Index (CPI) increases by more than 0.2% in May 2025, then the market resolves to Yes.",2025-04-11 14:00:00+00:00,KXCPI-25MAY,Will CPI rise more than 0.2% in May 2025?,,finalized,2025-06-18 14:00:00+00:00,266304,130144,15
KXCPI-25MAY-T0.0,Economics,"If the Consumer Price Index (CPI) increases by more than 0.0% in May 2025, then the market resolves to Yes.",2025-04-11 14:00:00+00:00,KXCPI-25MAY,Will CPI rise more than 0.0% in May 2025?,,finalized,2025-06-18 14:00:00+00:00,258923,146856,94
KXCPI-25SEP-T0.3,Economics,"If the Consumer Price Index (CPI) increases by more than 0.3% (single-decimal) in September 2025, then the market resolves to Yes.",2025-08-13 14:00:00+00:00,KXCPI-25SEP,Will CPI rise more than 0.3% in September 2025?,,finalized,2026-01-14 14:00:00+00:00,220962,57878,66
KXAAAGASM-25JUN30-3.30,Economics,"If average regular gas prices for United States are strictly greater than $3.30 on Jun 30, 2025 according to AAA,  the market resolves to Yes.",2025-05-31 14:00:00+00:00,KXAAAGASM-25JUN30,Will average **gas prices** be above $3.30?,,finalized,2025-07-07 14:00:00+00:00,2171915,547518,1
KXAAAGASM-25JUN30-3.20,Economics,"If average regular gas prices for United States are strictly greater than $3.20 on Jun 30, 2025 according to AAA,  the market resolves to Yes.",2025-05-31 14:00:00+00:00,KXAAAGASM-25JUN30,Will average **gas prices** be above $3.20?,,finalized,2025-07-07 14:00:00+00:00,2144525,773071,3
KXAAAGASM-25MAY31-3.25,Economics,"If average regular gas prices for United States are strictly greater than $3.25 on May 31, 2025 according to AAA,  the market resolves to Yes.",2025-05-09 15:10:49+00:00,KXAAAGASM-25MAY31,Will average **gas prices** be above $3.25?,,finalized,2025-06-30 14:00:00+00:00,2012597,1254869,1
KXAAAGASM-25JUL31-3.15,Economics,"If average regular gas prices for United States are strictly greater than $3.15 on Jul 31, 2025 according to AAA, then the market resolves to Yes.",2025-06-30 14:00:00+00:00,KXAAAGASM-25JUL31,Will average **gas prices** be above $3.15?,,finalized,2025-08-30 14:00:00+00:00,1942458,402052,24
KXAAAGASM-25MAY31-3.20,Economics,"If average regular gas prices for United States are strictly greater than $3.20 on May 31, 2025 according to AAA,  the market resolves to Yes.",2025-04-30 14:00:00+00:00,KXAAAGASM-25MAY31,Will average **gas prices** be above $3.20?,,finalized,2025-06-07 14:00:00+00:00,1828915,338109,1
KXAAAGASM-25JUN30-3.25,Economics,"If average regular gas prices for United States are strictly greater than $3.25 on Jun 30, 2025 according to AAA,  the market resolves to Yes.",2025-05-31 14:00:00+00:00,KXAAAGASM-25JUN30,Will average **gas prices** be above $3.25?,,finalized,2025-07-07 14:00:00+00:00,1691356,243911,1
KXAAAGASM-25APR30-3.15,Economics,"If average regular gas prices for United States are strictly greater than $3.15 on Apr 30, 2025 according to AAA,  the market resolves to Yes.",2025-04-02 16:30:00+00:00,KXAAAGASM-25APR30,Will average **gas prices** be above $3.15?,,finalized,2025-05-07 14:00:00+00:00,1336663,175873,95
KXAAAGASM-25JUL31-3.10,Economics,"If average regular gas prices for United States are strictly greater than $3.10 on Jul 31, 2025 according to AAA, then the market resolves to Yes.",2025-06-30 14:00:00+00:00,KXAAAGASM-25JUL31,Will average **gas prices** be above $3.10?,,finalized,2025-08-30 14:00:00+00:00,1237093,460607,99
KXAAAGASM-25APR30-3.10,Economics,"If average regular gas prices for United States are strictly greater than $3.10 on Apr 30, 2025 according to AAA,  the market resolves to Yes.",2025-04-02 16:30:00+00:00,KXAAAGASM-25APR30,Will average **gas prices** be above $3.10?,,finalized,2025-05-07 14:00:00+00:00,1236210,352230,99
KXAAAGASM-25MAY31-3.10,Economics,"If average regular gas prices for United States are strictly greater than $3.10 on May 31, 2025 according to AAA,  the market resolves to Yes.",2025-04-30 14:00:00+00:00,KXAAAGASM-25MAY31,Will average **gas prices** be above $3.10?,,finalized,2025-06-07 14:00:00+00:00,1209256,241699,99
KXHIGHNY-25OCT13-T58,Weather,"If the highest temperature recorded in Central Park, New York for October 13, 2025 as reported by the National Weather Service's Climatological Report (Daily), is less than 58, then the market resolves to Yes.",2025-10-12 14:00:00+00:00,KXHIGHNY-25OCT13,"Will the **high temp in NYC** be <58 on Oct 13, 2025?",,finalized,2025-10-20 14:00:00+00:00,495353,454151,1
KXHIGHNY-25OCT20-B68.5,Weather,"If the highest temperature recorded in Central Park, New York for October 20, 2025 as reported by the National Weather Service's Climatological Report (Daily), is between 68-69, then the market resolves to Yes.",2025-10-19 14:00:00+00:00,KXHIGHNY-25OCT20,"Will the **high temp in NYC** be 68-69 on Oct 20, 2025?",,finalized,2025-10-27 14:00:00+00:00,407179,365232,99
KXHIGHNY-25OCT20-T64,Weather,"If the highest temperature recorded in Central Park, New York for October 20, 2025 as reported by the National Weather Service's Climatological Report (Daily), is less than 64, then the market resolves to Yes.",2025-10-19 14:00:00+00:00,KXHIGHNY-25OCT20,"Will the **high temp in NYC** be <64 on Oct 20, 2025?",,finalized,2025-10-27 14:00:00+00:00,308605,293611,1
KXHIGHNY-25NOV06-B53.5,Weather,"If the highest temperature recorded in Central Park, New York for November 06, 2025 as reported by the National Weather Service's Climatological Report (Daily), is between 53-54, then the market resolves to Yes.",2025-11-05 15:00:00+00:00,KXHIGHNY-25NOV06,"Will the **high temp in NYC** be 53-54 on Nov 6, 2025?",,finalized,2025-11-13 15:00:00+00:00,179277,172557,1
KXHIGHNY-25OCT12-B61.5,Weather,"If the highest temperature recorded in Central Park, New York for October 12, 2025 as reported by the National Weather Service's Climatological Report (Daily), is between 61-62, then the market resolves to Yes.",2025-10-11 14:00:00+00:00,KXHIGHNY-25OCT12,"Will the **high temp in NYC** be 61-62 on Oct 12, 2025?",,finalized,2025-10-19 14:00:00+00:00,116980,96654,1
KXHIGHNY-25OCT31-T58,Weather,"If the highest temperature recorded in Central Park, New York for October 31, 2025 as reported by the National Weather Service's Climatological Report (Daily), is less than 58, then the market resolves to Yes.",2025-10-30 14:00:00+00:00,KXHIGHNY-25OCT31,"Will the **high temp in NYC** be <58 on Oct 31, 2025?",,finalized,2025-11-07 14:00:00+00:00,114695,67508,1
KXHIGHNY-25OCT15-B65.5,Weather,"If the highest temperature recorded in Central Park, New York for October 15, 2025 as reported by the National Weather Service's Climatological Report (Daily), is between 65-66, then the market resolves to Yes.",2025-10-14 14:00:00+00:00,KXHIGHNY-25OCT15,"Will the **high temp in NYC** be 65-66 on Oct 15, 2025?",,finalized,2025-10-22 14:00:00+00:00,111436,100723,1
KXHIGHNY-25OCT28-T54,Weather,"If the highest temperature recorded in Central Park, New York for October 28, 2025 as reported by the National Weather Service's Climatological Report (Daily), is less than 54, then the market resolves to Yes.",2025-10-27 14:00:00+00:00,KXHIGHNY-25OCT28,"Will the **high temp in NYC** be <54 on Oct 28, 2025?",,finalized,2025-11-04 14:00:00+00:00,95597,52850,1
KXHIGHNY-25OCT29-B54.5,Weather,"If the highest temperature recorded in Central Park, New York for October 29, 2025 as reported by the National Weather Service's Climatological Report (Daily), is between 54-55, then the market resolves to Yes.",2025-10-28 14:00:00+00:00,KXHIGHNY-25OCT29,"Will the **high temp in NYC** be 54-55 on Oct 29, 2025?",,finalized,2025-11-05 14:00:00+00:00,88623,77941,1
KXHIGHNY-25OCT17-B61.5,Weather,"If the highest temperature recorded in Central Park, New York for October 17, 2025 as reported by the National Weather Service's Climatological Report (Daily), is between 61-62, then the market resolves to Yes.",2025-10-16 14:00:00+00:00,KXHIGHNY-25OCT17,"Will the **high temp in NYC** be 61-62 on Oct 17, 2025?",,finalized,2025-10-24 14:00:00+00:00,80759,56093,1
KXHIGHMIA-25OCT24-B85.5,Weather,"If the highest temperature recorded at Miami International Airport for October 24, 2025 as reported by the National Weather Service's Climatological Report (Daily), is between 85-86, then the market resolves to Yes.",2025-10-23 14:00:00+00:00,KXHIGHMIA-25OCT24,"Will the **high temp in Miami** be 85-86 on Oct 24, 2025?",,finalized,2025-10-31 14:00:00+00:00,237697,225189,1
KXHIGHMIA-25OCT26-B84.5,Weather,"If the highest temperature recorded at Miami International Airport for October 26, 2025 as reported by the National Weather Service's Climatological Report (Daily), is between 84-85, then the market resolves to Yes.",2025-10-25 14:00:00+00:00,KXHIGHMIA-25OCT26,"Will the **high temp in Miami** be 84-85 on Oct 26, 2025?",,finalized,2025-11-02 14:00:00+00:00,68042,65486,1
KXHIGHMIA-25NOV07-B86.5,Weather,"If the highest temperature recorded at Miami International Airport for November 07, 2025 as reported by the National Weather Service's Climatological Report (Daily), is between 86-87, then the market resolves to Yes.",2025-11-06 15:00:00+00:00,KXHIGHMIA-25NOV07,"Will the **high temp in Miami** be 86-87 on Nov 7, 2025?",,finalized,2025-11-14 15:00:00+00:00,53826,39493,99
KXHIGHMIA-25OCT21-B88.5,Weather,"If the highest temperature recorded at Miami International Airport for October 21, 2025 as reported by the National Weather Service's Climatological Report (Daily), is between 88-89, then the market resolves to Yes.",2025-10-20 14:00:00+00:00,KXHIGHMIA-25OCT21,"Will the **high temp in Miami** be 88-89 on Oct 21, 2025?",,finalized,2025-10-28 14:00:00+00:00,50425,22496,1
KXHIGHMIA-25NOV10-B85.5,Weather,"If the highest temperature recorded at Miami International Airport for November 10, 2025 as reported by the National Weather Service's Climatological Report (Daily), is between 85-86, then the market resolves to Yes.",2025-11-09 15:00:00+00:00,KXHIGHMIA-25NOV10,"Will the **high temp in Miami** be 85-86 on Nov 10, 2025?",,finalized,2025-11-17 15:00:00+00:00,49011,38923,99
KXHIGHLAX-25OCT17-B74.5,Weather,"If the highest temperature recorded in Los Angeles Airport, CA for October 17, 2025 as reported by the National Weather Service's Climatological Report (Daily), is between 74-75, then the market resolves to Yes.",2025-10-16 14:00:00+00:00,KXHIGHLAX-25OCT17,"Will the **high temp in LA** be 74-75 on Oct 17, 2025?",,finalized,2025-10-24 14:00:00+00:00,265001,235563,1
KXHIGHLAX-25NOV03-B70.5,Weather,"If the highest temperature recorded in Los Angeles Airport, CA for November 03, 2025 as reported by the National Weather Service's Climatological Report (Daily), is between 70-71, then the market resolves to Yes.",2025-11-03 06:24:29.102331+00:00,KXHIGHLAX-25NOV03,"Will the **high temp in LA** be 70-71 on Nov 3, 2025?",,finalized,2025-11-10 15:00:00+00:00,208949,190729,1
KXHIGHLAX-25OCT14-T64,Weather,"If the highest temperature recorded in Los Angeles Airport, CA for October 14, 2025 as reported by the National Weather Service's Climatological Report (Daily), is less than 64, then the market resolves to Yes.",2025-10-13 14:00:00+00:00,KXHIGHLAX-25OCT14,"Will the **high temp in LA** be <64 on Oct 14, 2025?",,finalized,2025-10-21 14:00:00+00:00,204681,201905,1
KXHIGHLAX-25OCT19-T78,Weather,"If the highest temperature recorded in Los Angeles Airport, CA for October 19, 2025 as reported by the National Weather Service's Climatological Report (Daily), is greater than 78, then the market resolves to Yes.",2025-10-18 14:00:00+00:00,KXHIGHLAX-25OCT19,"Will the **high temp in LA** be >78 on Oct 19, 2025?",,finalized,2025-10-26 14:00:00+00:00,183820,143726,1
KXHIGHLAX-25OCT10-B74.5,Weather,"If the highest temperature recorded in Los Angeles Airport, CA for October 10, 2025 as reported by the National Weather Service's Climatological Report (Daily), is between 74-75, then the market resolves to Yes.",2025-10-09 14:00:00+00:00,KXHIGHLAX-25OCT10,"Will the **high temp in LA** be 74-75 on Oct 10, 2025?",,finalized,2025-10-17 14:00:00+00:00,164960,147785,1
KXRAINNYC-25OCT20-T0,Weather,"If the number of inches of precipitation recorded at Central Park, New York on October 20, 2025 is strictly greater than 0, then the market resolves to Yes.",2025-10-19 14:00:00+00:00,KXRAINNYC-25OCT20,Will it **rain** in New York City on Monday?,,finalized,2025-10-27 14:00:00+00:00,340469,325789,99
KXRAINNYC-25OCT22-T0,Weather,"If the number of inches of precipitation recorded at Central Park, New York on October 22, 2025 is strictly greater than 0, then the market resolves to Yes.",2025-10-21 14:00:00+00:00,KXRAINNYC-25OCT22,Will it **rain** in New York City on Wednesday?,,finalized,2025-10-29 14:00:00+00:00,299210,292525,99
KXRAINNYC-25JUN28-T0,Weather,"If the number of inches of precipitation recorded at Central Park, New York on June 28, 2025 is strictly greater than 0, then the market resolves to Yes.",2025-06-27 14:00:00+00:00,KXRAINNYC-25JUN28,Will it **rain** in New York City on Saturday?,,finalized,2025-07-05 14:00:00+00:00,199516,199476,99
KXRAINNYC-25AUG21-T0,Weather,"If the number of inches of precipitation recorded at Central Park, New York on August 21, 2025 is strictly greater than 0, then the market resolves to Yes.",2025-08-20 14:00:00+00:00,KXRAINNYC-25AUG21,Will it **rain** in New York City on Thursday?,,finalized,2025-08-28 14:00:00+00:00,80272,79964,99
KXRAINNYC-25JUL13-T0,Weather,"If the number of inches of precipitation recorded at Central Park, New York on July 13, 2025 is strictly greater than 0, then the market resolves to Yes.",2025-07-12 14:00:00+00:00,KXRAINNYC-25JUL13,Will it **rain** in New York City on Sunday?,,finalized,2025-07-20 14:00:00+00:00,55641,53976,99
KXHMONTH-25JAN,Weather,"If Jan 2025 is the hottest January ever, then the market resolves to Yes.",2024-12-24 15:00:00+00:00,KXHMONTH-25JAN,Will  Jan 2025 be the hottest Jan ever?,,finalized,2025-04-02 15:00:00+00:00,882092,331722,99
KXHMONTH-25JUL,Weather,"If Jul 2025 is the hottest July ever, then the market resolves to Yes.",2025-06-14 14:00:00+00:00,KXHMONTH-25JUL,Will  Jul 2025 be the hottest Jul ever?,,finalized,2025-09-30 14:00:00+00:00,298374,193549,1
KXHMONTH-24NOV,Weather,"If Nov 2024 is the hottest November ever, then the market resolves to Yes.",2024-10-24 14:00:00+00:00,KXHMONTH-24NOV,Will Nov 2024 be the hottest Nov ever?,,finalized,2025-01-30 15:00:00+00:00,268651,114164,6
KXHMONTH-25FEB,Weather,"If Feb 2025 is the hottest February ever, then the market resolves to Yes.",2025-01-24 15:00:00+00:00,KXHMONTH-25FEB,Will  Feb 2025 be the hottest Feb ever?,,finalized,2025-04-30 15:00:00+00:00,212409,108655,1
KXHMONTH-24DEC,Weather,"If Dec 2024 is the hottest December ever, then the market resolves to Yes.",2024-11-26 15:00:00+00:00,KXHMONTH-24DEC,Will  Dec 2024 be the hottest Dec ever?,,finalized,2025-03-02 15:00:00+00:00,126755,87301,2
KXSBADS-25-SF,Culture,"If State Farm has an ad during the 2025 Football Championship national broadcast after kick-off and before the game ends, then the market resolves to Yes.",2024-12-19 21:30:15+00:00,KXSBADS-25,Will State Farm run a Super Bowl ad in 2025?,,finalized,2025-02-10 15:00:00+00:00,1000559,371425,1
KXSBADS-25-CC,Culture,"If Coca-Cola has an ad during the 2025 Football Championship national broadcast after kick-off and before the game ends, then the market resolves to Yes.",2025-01-25 20:00:09+00:00,KXSBADS-25,Will Coca-Cola run a Super Bowl ad in 2025?,,finalized,2025-02-10 15:00:00+00:00,673537,273894,1
KXSBADS-25-V,Culture,"If Verizon has an ad during the 2025 Football Championship national broadcast after kick-off and before the game ends, then the market resolves to Yes.",2024-12-19 21:30:03+00:00,KXSBADS-25,Will Verizon run a Super Bowl ad in 2025?,,finalized,2025-02-10 15:00:00+00:00,614867,256151,2
KXSBADS-25-T,Culture,"If Toyota has an ad during the 2025 Football Championship national broadcast after kick-off and before the game ends, then the market resolves to Yes.",2025-01-25 20:00:29+00:00,KXSBADS-25,Will Toyota run a Super Bowl ad in 2025?,,finalized,2025-02-10 15:00:00+00:00,529343,221238,1
KXSBADS-25-P,Culture,"If Perplexity has an ad during the 2025 Football Championship national broadcast after kick-off and before the game ends, then the market resolves to Yes.",2024-12-18 15:00:00+00:00,KXSBADS-25,Will Perplexity run a Super Bowl ad in 2025?,,finalized,2025-02-10 15:00:00+00:00,480462,148368,1
KXSBADS-25-TM,Culture,"If T-Mobile has an ad during the 2025 Football Championship national broadcast after kick-off and before the game ends, then the market resolves to Yes.",2024-12-19 21:30:49+00:00,KXSBADS-25,Will T-Mobile run a Super Bowl ad in 2025?,,finalized,2025-02-10 15:00:00+00:00,458790,201598,99
KXSBADS-25-B,Culture,"If Budweiser has an ad during the 2025 Football Championship national broadcast after kick-off and before the game ends, then the market resolves to Yes.",2024-12-19 21:30:28+00:00,KXSBADS-25,Will Budweiser run a Super Bowl ad in 2025?,,finalized,2025-02-10 15:00:00+00:00,441440,157051,99
KXSBADS-25-AP,Culture,"If Apple has an ad during the 2025 Football Championship national broadcast after kick-off and before the game ends, then the market resolves to Yes.",2025-01-25 20:00:12+00:00,KXSBADS-25,Will Apple run a Super Bowl ad in 2025?,,finalized,2025-02-10 15:00:00+00:00,441364,183260,1
KXSBADS-25-PR,Culture,"If Progressive has an ad during the 2025 Football Championship national broadcast after kick-off and before the game ends, then the market resolves to Yes.",2024-12-19 21:30:06+00:00,KXSBADS-25,Will Progressive run a Super Bowl ad in 2025?,,finalized,2025-02-10 15:00:00+00:00,364372,171688,2
KXSBADS-25-CB,Culture,"If Coinbase Global, Inc. has an ad during the 2025 Football Championship national broadcast after kick-off and before the game ends, then the market resolves to Yes.",2025-02-03 22:30:10+00:00,KXSBADS-25,"Will Coinbase Global, Inc. run a Super Bowl ad in 2025?",,finalized,2025-02-10 15:00:00+00:00,251537,98416,1
KXSUPERBOWLHEADLINE-26-TAY,Culture,"If Taylor Swift headlines the pro football championship half-time show before Dec 31, 2026, then the market resolves to Yes.",2025-06-13 14:00:00+00:00,KXSUPERBOWLHEADLINE-26,Who will headline the Pro Football Championship halftime show?,,finalized,2026-12-31 15:00:00+00:00,1698403,487149,1
KXSUPERBOWLHEADLINE-26-BAD,Culture,"If Bad Bunny headlines the pro football championship half-time show before Dec 31, 2026, then the market resolves to Yes.",2025-06-13 14:00:00+00:00,KXSUPERBOWLHEADLINE-26,Who will headline the Pro Football Championship halftime show?,,finalized,2026-12-31 15:00:00+00:00,1181845,554225,99
KXSUPERBOWLHEADLINE-26-ADE,Culture,"If Adele headlines the pro football championship half-time show before Dec 31, 2026, then the market resolves to Yes.",2025-09-12 22:55:41+00:00,KXSUPERBOWLHEADLINE-26,Who will headline the Pro Football Championship halftime show?,,finalized,2026-12-31 15:00:00+00:00,379852,108776,6
KXRTMINECRAFT-50,Culture,"If A Minecraft Movie has a Tomatometer score of above 50 on Apr 7, 2025 at 10:00 AM ET, then the market resolves to Yes.",2025-02-19 15:00:00+00:00,KXRTMINECRAFT,A Minecraft Movie Rotten Tomatoes score?,,finalized,2025-04-14 14:00:00+00:00,355511,84161,1
KXRTMINECRAFT-45,Culture,"If A Minecraft Movie has a Tomatometer score of above 45 on Apr 7, 2025 at 10:00 AM ET, then the market resolves to Yes.",2025-02-19 15:00:00+00:00,KXRTMINECRAFT,A Minecraft Movie Rotten Tomatoes score?,,finalized,2025-04-14 14:00:00+00:00,308508,71940,99
KXRTMINECRAFT-40,Culture,"If A Minecraft Movie has a Tomatometer score of above 40 on Apr 7, 2025 at 10:00 AM ET, then the market resolves to Yes.",2025-02-21 00:00:26+00:00,KXRTMINECRAFT,A Minecraft Movie Rotten Tomatoes score?,,finalized,2025-04-14 14:00:00+00:00,241146,36239,99
KXRTMINECRAFT-55,Culture,"If A Minecraft Movie has a Tomatometer score of above 55 on Apr 7, 2025 at 10:00 AM ET, then the market resolves to Yes.",2025-02-19 15:00:00+00:00,KXRTMINECRAFT,A Minecraft Movie Rotten Tomatoes score?,,finalized,2025-04-14 14:00:00+00:00,182970,46607,1
KXRTCAPTAINAMERICA-50,Culture,"If Captain America: Brave New World has a Tomatometer score of above 50 on Feb 17, 2025 at 10:00AM ET, then the market resolves to Yes.",2025-02-04 14:00:12+00:00,KXRTCAPTAINAMERICA,Captain America: Brave New World Rotten Tomatoes score?,,finalized,2025-02-24 15:00:00+00:00,680943,149856,15
KXRTCAPTAINAMERICA-55,Culture,"If Captain America: Brave New World has a Tomatometer score of above 55 on Feb 17, 2025 at 10:00AM ET, then the market resolves to Yes.",2025-02-04 14:00:55+00:00,KXRTCAPTAINAMERICA,Captain America: Brave New World Rotten Tomatoes score?,,finalized,2025-02-24 15:00:00+00:00,356748,189855,1
KXRTCAPTAINAMERICA-45,Culture,"If Captain America: Brave New World has a Tomatometer score of above 45 on Feb 17, 2025 at 10:00AM ET, then the market resolves to Yes.",2025-01-17 15:00:00+00:00,KXRTCAPTAINAMERICA,Captain America: Brave New World Rotten Tomatoes score?,,finalized,2025-02-24 15:00:00+00:00,352041,86570,99
KXRTCAPTAINAMERICA-60,Culture,"If Captain America: Brave New World has a Tomatometer score of above 60 on Feb 17, 2025 at 10:00AM ET, then the market resolves to Yes.",2025-01-17 15:00:00+00:00,KXRTCAPTAINAMERICA,Captain America: Brave New World Rotten Tomatoes score?,,finalized,2025-02-24 15:00:00+00:00,261430,132810,1
